代码,指数代码,指数名,份额
158000,H11146,中证港股通内地金融港元指数,219925835
158001,980081,国证价值100指数,265392624
158005,931752,中证工程机械主题指数,225061376
158006,000813,细分化工,213046012
158008,980027,国证新能源电池指数,273413126
158009,CN5082,国证航天航空行业指数,216373819
158010,399989,中证医疗指数,230213319
158012,931469,中证云计算50指数,274825566
158013,CN5082,国证航天航空行业指数,209345203
158017,000813,细分化工,341594582
158019,931719,中证电池主题指数,294281913
158027,931495,中证工业互联网主题指数,237143045
159001,--,--,4225215
159003,--,--,1420925
159005,--,--,441624
159007,931946,中证畜牧养殖产业指数,197603274
159008,399975,中证全指证券公司指数,123784531
159009,399266,创业板新能源指数,51392703
159010,HSSCITI,恒生港股通科技主题指数,252097611
159011,931946,中证畜牧养殖产业指数,233505168
159012,931643,中证科创创业50指数,233881148
159013,931495,中证工业互联网主题指数,43578881
159015,HSSCITI,恒生港股通科技主题指数,116352934
159016,931412,中证证券公司30指数,254540154
159017,399439,国证石油天然气指数,161256813
159018,399439,国证石油天然气指数,30904203
159019,399439,国证石油天然气指数,50327711
159020,931946,中证畜牧养殖产业指数,114567082
159021,399373,国证大盘价值指数,183907712
159022,932456,中证科创创业人工智能指数,159630967
159023,931946,中证畜牧养殖产业指数,238777943
159026,399439,国证石油天然气指数,57513446
159027,931946,中证畜牧养殖产业指数,227472283
159028,HSSCAM,恒生港股通汽车主题指数,129449016
159029,931892,中证有色金属矿业主题指数,316127717
159030,399365,国证粮食产业指数,312468176
159031,399365,国证粮食产业指数,276028624
159032,H11059,中证工业有色金属主题指数,245845019
159033,399365,国证粮食产业指数,252323473
159035,930601,中证软件服务指数,328859726
159036,932094,中证全指软件开发指数,437740164
159037,980081,国证价值100指数,292249832
159038,399365,国证粮食产业指数,233026939
159039,980022,国证机器人产业指数,336461422
159040,931637,中证港股通互联网指数,209481087
159041,000949,中证农业主题指数,223471832
159042,980081,国证价值100指数,248801105
159043,H30192,中证全指食品指数,200770695
159045,930632,中证稀有金属主题指数,240330213
159046,399438,国证绿色电力指数,632976854
159048,980022,国证机器人产业指数,334803897
159049,931892,中证有色金属矿业主题指数,247073319
159050,980022,国证机器人产业指数,348703612
159051,H30217,中证全指医疗器械指数,289117894
159052,980027,国证新能源电池指数,438926092
159053,930632,中证稀有金属主题指数,230698132
159055,930632,中证稀有金属主题指数,280293952
159056,H30217,中证全指医疗器械指数,277934358
159057,H30217,中证全指医疗器械指数,206715334
159059,H30199,中证全指电力公用事业指数,222830063
159060,399365,国证粮食产业指数,224483423
159061,399438,国证绿色电力指数,254040230
159062,930632,中证稀有金属主题指数,207201256
159063,399365,国证粮食产业指数,254986647
159065,931752,中证工程机械主题指数,220350818
159066,930903,中证A股指数,272733027
159067,399438,国证绿色电力指数,202908737
159068,H30202,中证全指软件指数,252336570
159069,399266,创业板新能源指数,248770440
159070,931752,中证工程机械主题指数,238366883
159071,980027,国证新能源电池指数,285911738
159072,399365,国证粮食产业指数,224285157
159073,399365,国证粮食产业指数,232173864
159075,931495,中证工业互联网主题指数,253197165
159076,399266,创业板新能源指数,306373015
159078,930903,中证A股指数,242262460
159079,980081,国证价值100指数,234806830
159082,000813,细分化工,203531212
159085,980081,国证价值100指数,203535454
159086,930986,中证金融科技主题指数,239399823
159087,000813,细分化工,216992150
159091,H11146,中证港股通内地金融港元指数,232374196
159093,000813,细分化工,236681470
159096,980081,国证价值100指数,279631305
159099,931469,中证云计算50指数,290610546
159100,BVSP,巴西BOVESPA,468546935
159101,987008,国证港股通科技指数,3220311457
159102,HSHKBIO,恒生生物科技指数,799622004
159103,930986,中证金融科技主题指数,316406771
159105,HSHKBIO,恒生生物科技指数,239272984
159106,931265,中证民企300指数,39579488
159107,399264,创业板软件指数,621823006
159108,980034,国证工业软件主题指数,113738511
159109,HSSC50,恒生港股通50指数,756163854
159110,921130,深证AAA科技创新公司债指数,22517093
159111,932160,中证AAA科技创新公司债指数,150226676
159112,932160,中证AAA科技创新公司债指数,268487830
159113,932160,中证AAA科技创新公司债指数,97316237
159115,932160,中证AAA科技创新公司债指数,51323487
159116,932160,中证AAA科技创新公司债指数,114172743
159117,SPAHLVCP,标普港股通低波红利指数,62401153
159118,SPAHLVCP,标普港股通低波红利指数,77677020
159119,932368,中证800自由现金流指数,162054229
159120,HSSCITI,恒生港股通科技主题指数,170024466
159121,HSSCAM,恒生港股通汽车主题指数,109481127
159122,399266,创业板新能源指数,65160935
159123,931151,中证光伏产业指数,377047026
159125,987008,国证港股通科技指数,968245883
159126,930931,中证港股通50港元指数,277616546
159127,930914,中证港股通高股息投资港元指数,195344268
159128,987008,国证港股通科技指数,2083760841
159129,000813,细分化工,1201906595
159130,HSHKBIO,恒生生物科技指数,255389466
159131,930967,中证港股通信息技术综合港元指数,1749919902
159132,HSHKBIO,恒生生物科技指数,113963558
159133,000813,细分化工,1750413345
159135,HSSCITI,恒生港股通科技主题指数,687466376
159136,930050,中证A50指数,110914074
159137,932069,中证港股通医疗主题指数,186632607
159138,931752,中证工程机械主题指数,90267924
159139,932456,中证科创创业人工智能指数,134109210
159140,932456,中证科创创业人工智能指数,429936834
159141,932456,中证科创创业人工智能指数,1239060730
159142,932456,中证科创创业人工智能指数,921260142
159143,HSSCSOY,恒生港股通中国央企红利指数,54554456
159145,980034,国证工业软件主题指数,63581845
159146,H30199,中证全指电力公用事业指数,857440849
159147,931719,中证电池主题指数,2105409552
159148,399439,国证石油天然气指数,224466601
159149,399266,创业板新能源指数,52515298
159150,399850,深证50指数,85997623
159151,H30192,中证全指食品指数,134251063
159152,HSSCITI,恒生港股通科技主题指数,915556093
159153,980030,国证消费电子主题指数,103225988
159155,931719,中证电池主题指数,547513298
159156,980032,国证新能源车电池指数,214461253
159157,H11059,中证工业有色金属主题指数,8526758760
159158,H30199,中证全指电力公用事业指数,1016535344
159159,000995,中证全指公用事业指数,121318582
159160,931719,中证电池主题指数,167819254
159161,931752,中证工程机械主题指数,217331260
159162,H11059,中证工业有色金属主题指数,461939837
159163,931892,中证有色金属矿业主题指数,255807013
159165,931946,中证畜牧养殖产业指数,107571257
159166,980092,国证自由现金流指数,600816059
159167,932069,中证港股通医疗主题指数,235549164
159168,H11059,中证工业有色金属主题指数,376455060
159169,HSHKBIO,恒生生物科技指数,193874485
159170,987022,国证港股通互联网指数,402638357
159171,H11059,中证工业有色金属主题指数,229532934
159172,931946,中证畜牧养殖产业指数,380829293
159173,930910,中证全指农牧渔指数,56455388
159175,931719,中证电池主题指数,457270382
159176,930697,中证全指家用电器指数,23303341
159177,931752,中证工程机械主题指数,53619279
159178,980030,国证消费电子主题指数,74432994
159179,931637,中证港股通互联网指数,96903568
159180,980034,国证工业软件主题指数,29155926
159181,399439,国证石油天然气指数,146405335
159182,930697,中证全指家用电器指数,38485663
159183,399976,中证新能源汽车指数,51387793
159185,930967,中证港股通信息技术综合港元指数,187099035
159186,HSSCAM,恒生港股通汽车主题指数,93869245
159187,399266,创业板新能源指数,50176266
159188,SPCADMCP,标普中国A股红利100指数,70601882
159189,399439,国证石油天然气指数,126083187
159190,399266,创业板新能源指数,68069299
159191,987008,国证港股通科技指数,75104851
159192,931021,中证家电龙头指数,19987065
159193,980027,国证新能源电池指数,210080335
159195,399439,国证石油天然气指数,94490164
159196,930967,中证港股通信息技术综合港元指数,197530324
159197,399439,国证石油天然气指数,48388290
159198,930967,中证港股通信息技术综合港元指数,92344347
159199,399439,国证石油天然气指数,79154938
159200,932160,中证AAA科技创新公司债指数,153392633
159201,980092,国证自由现金流指数,12200275939
159202,HSIII,恒生互联网科技业指数,1122401900
159203,399372,国证大盘成长指数,8791913
159205,399006,创业板指数(价格),291056064
159206,980018,国证商用卫星通信产业指数,10102953365
159207,932305,中证智选高股息策略指数,1582983345
159208,CN5082,国证航天航空行业指数,313462783
159209,932315,中证全指红利质量指数,1931635053
159210,931239,中证港股通汽车产业主题指数,30549802
159211,399330,深证100指数(价格),17683294
159212,399330,深证100指数(价格),73204367
159213,H30590,中证机器人指数,407737566
159215,000510,中证A500指数,925582803
159216,399330,深证100指数(价格),9548250
159217,987018,国证港股通创新药指数,5017157596
159218,931594,中证卫星产业指数,2256616390
159219,399330,深证100指数(价格),8388018
159220,SPAHLVCP,标普港股通低波红利指数,471569526
159221,980092,国证自由现金流指数,1185013233
159222,980092,国证自由现金流指数,1385370402
159223,980092,国证自由现金流指数,192844755
159225,980092,国证自由现金流指数,271744804
159226,000510,中证A500指数,78094840
159227,CN5082,国证航天航空行业指数,4307911199
159228,930955,中证红利低波动100指数,114212692
159229,932368,中证800自由现金流指数,193556022
159230,980076,国证通用航空产业指数,300304228
159231,980076,国证通用航空产业指数,307091860
159232,932365,中证全指自由现金流指数,2192948566
159233,932365,中证全指自由现金流指数,487623418
159235,932365,中证全指自由现金流指数,2129729545
159236,932365,中证全指自由现金流指数,46722161
159237,931239,中证港股通汽车产业主题指数,28334226
159238,000300,沪深300指数,38016186
159239,HSSCAM,恒生港股通汽车主题指数,78280753
159240,000510,中证A500指数,20619776
159241,CN5082,国证航天航空行业指数,1039074265
159242,970070,创业板人工智能指数,580278583
159243,970070,创业板人工智能指数,127030224
159245,987024,国证港股通消费主题指数,78113296
159246,970070,创业板人工智能指数,3377655606
159247,399006,创业板指数(价格),187984966
159248,930713,中证人工智能主题指数,110095652
159249,000510,中证A500指数,93191923
159251,987008,国证港股通科技指数,248787744
159253,399986,中证银行指数,623304979
159255,980076,国证通用航空产业指数,65338868
159256,399264,创业板软件指数,427183766
159257,980076,国证通用航空产业指数,139416949
159258,H30590,中证机器人指数,1162265664
159259,980080,国证成长100指数,3943696403
159260,399975,中证全指证券公司指数,1055213576
159261,399266,创业板新能源指数,47814904
159262,HSSCITI,恒生港股通科技主题指数,8072720485
159263,980081,国证价值100指数,4916105126
159265,987024,国证港股通消费主题指数,208950894
159266,931233,中证港股通央企红利指数,395710088
159267,CN5082,国证航天航空行业指数,2374506126
159268,987024,国证港股通消费主题指数,441055027
159269,931573CNY00,中证港股通科技人民币指数,1780311712
159270,399019,创业板200指数,88763649
159271,HSI,恒生指数,306386731
159272,980022,国证机器人产业指数,2091164690
159273,931470,中证沪港深云计算产业人民币指数,697777501
159275,930910,中证全指农牧渔指数,244302909
159276,980092,国证自由现金流指数,364696658
159277,930914,中证港股通高股息投资港元指数,52557011
159278,980022,国证机器人产业指数,1304545853
159279,970070,创业板人工智能指数,131387534
159280,987022,国证港股通互联网指数,101717171
159281,931233,中证港股通央企红利指数,322233059
159283,931855,中证通用航空主题指数,276437981
159285,987024,国证港股通消费主题指数,260486680
159286,987018,国证港股通创新药指数,791785402
159287,399102,创业板综合指数,93568753
159288,399102,创业板综合指数,84174931
159289,399102,创业板综合指数,28902640
159290,399102,创业板综合指数,39100396
159291,399102,创业板综合指数,17457388
159292,399102,创业板综合指数,187189531
159293,399102,创业板综合指数,21159397
159295,399102,创业板综合指数,62958239
159296,932422,中证A500红利低波动指数,45042941
159297,987018,国证港股通创新药指数,2890418642
159298,399673,创业板50指数,128281082
159299,930986,中证金融科技主题指数,698472981
159300,000300,沪深300指数,166558097
159301,000995,中证全指公用事业指数,113958357
159302,930914,中证港股通高股息投资港元指数,57797609
159303,HSHCI,恒生医疗保健指数,62991693
159305,980027,国证新能源电池指数,1088640302
159306,931230,中证汽车零部件主题指数,20244616
159307,930955,中证红利低波动100指数,7317903552
159309,931248,中证油气资源指数,658371736
159310,H30007,中证芯片产业指数,455981080
159311,931582,中证数字经济主题指数,35383993
159312,HSISC,恒指港股通指数,41224353
159315,931238,中证沪深港黄金产业股票指数,197589621
159316,HSSCID,恒生港股通创新药指数,4113336139
159318,HSISC,恒指港股通指数,18601647
159320,HSCAUPG,恒生A股电网设备指数,1148235519
159321,931238,中证沪深港黄金产业股票指数,385400397
159322,931238,中证沪深港黄金产业股票指数,122411691
159323,931239,中证港股通汽车产业主题指数,99097378
159325,932066,中证半导体行业精选指数,544460528
159326,931994,中证电网设备主题指数,11617265525
159327,931743,中证半导体材料设备主题指数,1984574091
159328,931021,中证家电龙头指数,112556700
159329,FISAULMU,富时沙特阿拉伯指数,1243189188
159330,000300,沪深300指数,314801009
159331,930914,中证港股通高股息投资港元指数,157694179
159332,000825,中证中央企业红利指数,80021477
159333,931233,中证港股通央企红利指数,220952835
159335,932052,中证诚通央企科技创新指数,58683689
159336,931132,中证诚通央企红利指数,383905090
159337,000905,中证500指数,233710611
159338,000510,中证A500指数,17825086664
159339,000510,中证A500指数,1838086841
159350,399850,深证50指数,89009642
159351,000510,中证A500指数,5924123357
159352,000510,中证A500指数,21591101746
159353,000510,中证A500指数,2840161812
159355,931848,中证800红利低波动指数,98234277
159356,000510,中证A500指数,668120647
159357,000510,中证A500指数,1159833841
159358,000510,中证A500指数,575106420
159359,000510,中证A500指数,668140424
159360,000510,中证A500指数,1175184526
159361,000510,中证A500指数,18938090279
159362,000510,中证A500指数,1316180191
159363,970070,创业板人工智能指数,5250169924
159365,HSISC,恒指港股通指数,59162398
159366,932069,中证港股通医疗主题指数,210333072
159367,399673,创业板50指数,104079029
159368,399266,创业板新能源指数,1112579682
159369,399673,创业板50指数,293753492
159370,399673,创业板50指数,149316009
159371,399673,创业板50指数,148221172
159372,399673,创业板50指数,48451588
159373,399673,创业板50指数,140557494
159375,399673,创业板50指数,263595350
159376,000510,中证A500指数,78922317
159377,399275,创业板医药卫生指数,101129399
159378,980076,国证通用航空产业指数,520771072
159379,000510,中证A500指数,155821471
159380,000510,中证A500指数,109804337
159381,970070,创业板人工智能指数,1569153206
159382,970070,创业板人工智能指数,817055714
159383,399673,创业板50指数,32092486
159385,931529,中证诚通国企数字经济指数,39002525
159386,000510,中证A500指数,57869559
159387,399266,创业板新能源指数,1507189648
159388,970070,创业板人工智能指数,844736984
159389,931529,中证诚通国企数字经济指数,105093364
159390,930050,中证A50指数,131768771
159391,399373,国证大盘价值指数,91076398
159392,980076,国证通用航空产业指数,171785500
159393,000300,沪深300指数,42046342
159395,921128,深证基准做市信用债指数,121764202
159396,921128,深证基准做市信用债指数,96273129
159397,921128,深证基准做市信用债指数,149497657
159398,921128,深证基准做市信用债指数,92632310
159399,FCFQCD,富时中国A股自由现金流聚焦指数,4337194835
159400,921130,深证AAA科技创新公司债指数,70557356
159500,000905,中证500指数,129338865
159501,NDX100,纳斯达克100指数,6424986575
159502,SPSIBI,标普生物科技精选行业指数,1115323019
159505,399303,国证2000指数,13104786
159506,HSSCHI,恒生港股通创新药及医疗保健指数,2028536979
159507,399389,国证通信指数,797830902
159508,399441,国证生物医药指数,86231598
159509,NDXTMC,纳斯达克科技市值加权指数,6621564118
159510,931586,中证智选300价值稳健策略指数,61128342
159511,000936,中证通信服务指数,153444573
159512,931008,中证全指汽车指数,49264855
159513,NDX100,纳斯达克100指数,4297549100
159515,000824,中证国有企业红利指数,40286631
159516,931743,中证半导体材料设备主题指数,51770359972
159517,000906,中证800指数,8742624
159518,SPSIOP,S&P Oil & Gas Exploration & Production Select Industry,1842325369
159519,H11153,中证香港内地国有企业港元指数,65157854
159520,931068,中证消费龙头指数,159177649
159521,399303,国证2000指数,12274435
159523,931589,中证智选300成长创新策略指数,68517348
159525,H30269,中证红利低波动指数,665743741
159526,H30590,中证机器人指数,530462964
159527,930851,中证云计算与大数据主题指数,492301350
159528,399974,中证国有企业改革指数,9320773
159529,SP5CSSUP,标普500消费精选指数,811536791
159530,980022,国证机器人产业指数,9995613169
159531,932000,中证2000指数,510608406
159532,932000,中证2000指数,127564791
159533,932000,中证2000指数,9458785
159535,932000,中证2000指数,16981088
159536,932000,中证2000指数,39261589
159537,CN5075,国证信息技术创新主题指数,150285204
159538,CN5075,国证信息技术创新主题指数,372608966
159539,CN5075,国证信息技术创新主题指数,54565182
159540,CN5075,国证信息技术创新主题指数,118505191
159541,399102,创业板综合指数,61593326
159542,931752,中证工程机械主题指数,16592850
159543,399303,国证2000指数,42196551
159545,HSHYLV,恒生港股通高股息低波动指数,4910203689
159546,932087,中证全指集成电路指数,689927822
159547,H30269,中证红利低波动指数,1343286075
159549,930955,中证红利低波动100指数,4803523884
159550,930625,中证沪港深互联网人民币指数,179828785
159551,H30590,中证机器人指数,246920923
159552,932000,中证2000指数,376790319
159553,932000,中证2000指数,17326751
159555,932000,中证2000指数,34462705
159556,932000,中证2000指数,12556089
159557,HSHCI,恒生医疗保健指数,152894955
159558,931743,中证半导体材料设备主题指数,12728563923
159559,980022,国证机器人产业指数,1581576622
159560,H30007,中证芯片产业指数,404832920
159561,GDAXI,法兰克福DAX指数,1479499489
159562,931238,中证沪深港黄金产业股票指数,2190130504
159563,399102,创业板综合指数,21360773
159565,931230,中证汽车零部件主题指数,137627231
159566,980027,国证新能源电池指数,2877739776
159567,987018,国证港股通创新药指数,10684729726
159568,931637,中证港股通互联网指数,331857901
159569,987016,国证港股通红利低波动率指数,337147241
159570,987018,国证港股通创新药指数,15780597142
159571,399019,创业板200指数,17981814
159572,399019,创业板200指数,175749107
159573,399019,创业板200指数,75456297
159575,399019,创业板200指数,9410425
159576,399330,深证100指数(价格),34509612
159577,750108,MSCI USA 50 Index,729665791
159578,399750,深证主板50指数,19998831
159581,000922,中证红利指数,1460225708
159582,931865,中证半导体产业指数,855608105
159583,931271,中证通信设备主题指数,2138592902
159586,H30182,中证全指计算机指数,222025923
159587,399365,国证粮食产业指数,141447031
159588,399439,国证石油天然气指数,491284857
159589,000922,中证红利指数,215590005
159590,H30202,中证全指软件指数,626861746
159591,930050,中证A50指数,351905682
159592,930050,中证A50指数,642310460
159593,930050,中证A50指数,1853196040
159595,930050,中证A50指数,846113255
159596,930050,中证A50指数,512683040
159597,399667,创业板成长指数,843757137
159599,H30007,中证芯片产业指数,557822066
159600,932160,中证AAA科技创新公司债指数,354778913
159601,746059,MSCI中国A50互联互通人民币指数,1286788073
159602,746059,MSCI中国A50互联互通人民币指数,412542944
159603,931643,中证科创创业50指数,2300071922
159605,930604,中证海外中国互联网30人民币指数,4692486155
159606,930939,中证500质量成长指数,365222838
159607,930604,中证海外中国互联网30人民币指数,1268829139
159608,930632,中证稀有金属主题指数,3343210066
159609,931151,中证光伏产业指数,286903414
159610,000905,中证500指数,145568207
159611,H30199,中证全指电力公用事业指数,8455162900
159612,SPX,标准普尔500指数,444898651
159613,399994,中证信息安全主题指数,80590217
159615,HSHKBIO,恒生生物科技指数,562054898
159616,931778,中证农牧主题指数,72561112
159617,931587,中证智选500价值稳健策略指数,27418382
159618,931151,中证光伏产业指数,66131407
159619,930608,中证基建指数,81981007
159620,931590,中证智选500成长创新策略指数,28140934
159621,721638,MSCI CHINA A RMB ESG UNIVERSAL INDEX,11434717
159622,931409,中证沪港深创新药产业人民币指数,1224603238
159623,931695,中证成渝地区双城经济圈成份指数,3067271695
159625,399438,国证绿色电力指数,2172913777
159627,000903,中证A100指数,17116776
159628,399303,国证2000指数,359283250
159629,000852,中证1000指数,357252663
159630,000903,中证A100指数,9113744
159631,000903,中证A100指数,39332605
159632,NDX100,纳斯达克100指数,4839720640
159633,000852,中证1000指数,502162658
159635,930608,中证基建指数,130846980
159636,987008,国证港股通科技指数,40668501206
159637,399976,中证新能源汽车指数,619768094
159638,931521,中证智选航空航天科技指数,1425341932
159639,931755,中证上海环交所碳中和指数,207290171
159640,931755,中证上海环交所碳中和指数,61845198
159641,931755,中证上海环交所碳中和指数,92719131
159642,931755,中证上海环交所碳中和指数,23439923
159643,980015,国证疫苗与生物科技指数,275390617
159645,980015,国证疫苗与生物科技指数,63540740
159647,930641,中证中药指数,1558461752
159649,CBA08303,中债-1-5年国开行债券全价(总值)指数,34701877
159650,CBA11903,中债-0-3年国开行债券全价(总值)指数,58332196
159651,CBA11903,中债-0-3年国开行债券全价(总值)指数,12728448
159652,000811,细分有色,1833320287
159653,399378,国证ESG300指数,55972068
159655,SPX,标准普尔500指数,2125143045
159656,000918,沪深300成长指数,254238451
159657,980015,国证疫苗与生物科技指数,168514819
159658,931582,中证数字经济主题指数,39894877
159659,NDX100,纳斯达克100指数,4475744064
159660,NDX100,纳斯达克100指数,2185151363
159661,000903,中证A100指数,25708213
159662,399433,国证交通运输行业指数,77113946
159663,931866,中证机床指数,471035170
159665,980017,国证半导体芯片指数,198576860
159666,H30171,中证全指运输指数,114832905
159667,931866,中证机床指数,3606050718
159669,399438,国证绿色电力指数,204754781
159670,931139,中证消费50指数,57706921
159671,930632,中证稀有金属主题指数,947551737
159672,000932,中证主要消费指数,129887409
159673,000300,沪深300指数,1321528385
159675,399006,创业板指数(价格),48846691
159676,399006,创业板指数(价格),96564183
159677,000852,中证1000指数,26904091
159678,000905,中证500指数,81143694
159679,000852,中证1000指数,46889156
159680,000852,中证1000指数,786438087
159681,399673,创业板50指数,897772337
159682,399673,创业板50指数,2260307670
159685,000852,中证1000指数,13440067
159686,000903,中证A100指数,77815386
159687,GPCSP006,富时亚太低碳精选指数,1683928658
159688,HSIII,恒生互联网科技业指数,1452278480
159689,000932,中证主要消费指数,86147787
159690,931892,中证有色金属矿业主题指数,310163978
159691,930839,中证港股通高股息精选港元指数,4017301386
159692,931412,中证证券公司30指数,1303455969
159695,399389,国证通信指数,965436258
159696,NDX100,纳斯达克100指数,2617824034
159697,399439,国证石油天然气指数,1089022006
159698,399365,国证粮食产业指数,952944378
159699,HSCGSI,恒生消费指数,527664255
159700,932160,中证AAA科技创新公司债指数,140599191
159701,930712,中证物联网主题指数,6705601
159703,H30597,中证新材料主题指数,54181591
159706,399330,深证100指数(价格),45386800
159707,399965,中证800地产指数,1133048214
159708,399324,深证红利指数,187028306
159709,399285,深圳物联网50指数,22484060
159711,930931,中证港股通50港元指数,46465157
159712,930931,中证港股通50港元指数,108778813
159713,930598,中证稀土产业指数,537755051
159715,930598,中证稀土产业指数,550030274
159716,399330,深证100指数(价格),55666732
159717,399378,国证ESG300指数,22873183
159718,930965,中证港股通医药卫生综合港元指数,237832634
159719,GPCCH003,富时中国国企开放共赢指数,25195986
159720,H11052,中证智能电动汽车指数,42812357
159721,399330,深证100指数(价格),69431696
159723,931524,中证沪港深科技龙头指数,35025575
159725,931480,中证线上消费主题指数,126424924
159726,HSMCHYI,恒生港股通中国内地企业高股息率指数,273911380
159728,399361,国证在线消费指数,42910129
159729,930625,中证沪港深互联网人民币指数,68560633
159730,980028,国证龙头家电指数,44571340
159731,H11057,中证石化产业指数,804375802
159732,980030,国证消费电子主题指数,3114447904
159735,931454,中证港股通消费主题港元指数,730561371
159736,930653,中证食品饮料指数,7414394457
159738,931470,中证沪港深云计算产业人民币指数,124992667
159739,930851,中证云计算与大数据主题指数,482761230
159740,HSTECH,恒生科技指数,28802120448
159741,HSTECH,恒生科技指数,1664796712
159742,HSTECH,恒生科技指数,7037928292
159743,931393,中证湖北新旧动能转换指数,108941100
159745,931009,中证全指建筑材料指数,1306688265
159747,931574,中证香港科技指数指数,334712278
159748,931409,中证沪港深创新药产业人民币指数,1101692128
159750,931574,中证香港科技指数指数,1401618251
159751,931573,中证港股通科技指数,998629628
159752,000941,中证内地新能源主题指数,509958917
159755,980032,国证新能源车电池指数,9547646746
159757,980032,国证新能源车电池指数,238931891
159758,931468,中证红利质量指数,1348290777
159760,980016,国证公共卫生与医疗健康指数,142360223
159761,H30597,中证新材料主题指数,211734117
159763,H30597,中证新材料主题指数,88707747
159766,930633,中证旅游主题指数,5394640963
159767,980032,国证新能源车电池指数,234873672
159768,000948,中证内地地产主题指数,867950311
159770,H30590,中证机器人指数,5278087762
159773,399276,创业板科技指数,139503120
159775,980032,国证新能源车电池指数,709648961
159776,930965,中证港股通医药卫生综合港元指数,88968765
159777,399276,创业板科技指数,28280565
159778,931495,中证工业互联网主题指数,38005382
159779,931494,中证消费电子主题指数,141869337
159780,931643,中证科创创业50指数,2978048583
159781,931643,中证科创创业50指数,12349860533
159782,931643,中证科创创业50指数,501190267
159783,931643,中证科创创业50指数,4456059442
159786,930821,中证虚拟现实主题指数,98701174
159787,931009,中证全指建筑材料指数,129521633
159788,930957,中证港股通中国100港元指数,100424965
159790,000977,中证内地低碳经济主题指数,1567528485
159791,931463,沪深300ESG基准指数,27083347
159792,931637,中证港股通互联网指数,61782855237
159793,931481,中证沪港深线上消费主题人民币指数,39758908
159795,930721,中证智能汽车主题指数,27169473
159796,931719,中证电池主题指数,6840467550
159797,H30217,中证全指医疗器械指数,378989247
159798,931139,中证消费50指数,162245390
159800,000906,中证800指数,26736802
159801,980017,国证半导体芯片指数,4016120172
159804,399291,国证创业板中盘精选88指数,23899676
159805,399971,中证传媒指数,246952480
159806,399976,中证新能源汽车指数,893089446
159807,931380,中证科技50指数,847051428
159808,399006,创业板指数(价格),49484790
159810,399006,创业板指数(价格),47475458
159811,931406,中证5G产业50指数,80343393
159812,AU9999,黄金9999,172813149
159813,980017,国证半导体芯片指数,9197724820
159814,399293,创业板大盘指数,458246520
159816,931161,中证0-4年期地方政府债指数,100667484
159819,930713,中证人工智能主题指数,11021229669
159820,000905,中证500指数,1261408470
159821,399006,创业板指数(价格),54220000
159822,SPNCSCHN,标普中国新经济行业指数,328734315
159824,399976,中证新能源汽车指数,84135070
159825,000949,中证农业主题指数,2321077407
159827,000949,中证农业主题指数,91716463
159828,399989,中证医疗指数,5724439464
159830,SHAU,上海金,373414066
159831,SHAU,上海金,206156243
159834,SHAU,上海金,190761376
159835,931152,中证创新药产业指数,480504143
159836,399012,创业板300,95747113
159837,930743,中证生物科技主题指数,3162152837
159838,931140,中证医药50指数,278763462
159839,399441,国证生物医药指数,3185235165
159840,980032,国证新能源车电池指数,2126574851
159841,399975,中证全指证券公司指数,11150238465
159842,399975,中证全指证券公司指数,9359250631
159843,399396,国证食品饮料行业指数,664455141
159845,000852,中证1000指数,1326425606
159847,399989,中证医疗指数,4197825354
159848,399975,中证全指证券公司指数,174811239
159849,930743,中证生物科技主题指数,179372396
159850,HSCEI,恒生中国企业指数,556706498
159851,930986,中证金融科技主题指数,10312904148
159852,930601,中证软件服务指数,11376623921
159855,930781,中证影视主题指数,171925236
159856,930625,中证沪港深互联网人民币指数,356372474
159857,931151,中证光伏产业指数,2211515725
159858,931152,中证创新药产业指数,812098318
159859,399441,国证生物医药指数,12476240054
159861,930614,中证环保产业50指数,96117535
159862,000815,细分食品,345000623
159863,931151,中证光伏产业指数,287729352
159864,931151,中证光伏产业指数,621526827
159865,930707,中证畜牧养殖指数,10727455659
159866,N225,东京日经225指数,804979377
159867,930707,中证畜牧养殖指数,1701643594
159869,930901,中证动漫游戏指数,7222082127
159870,000813,细分化工,18440607019
159871,930708,中证有色金属指数,1201232506
159872,930725,中证车联网主题指数,58799732
159873,H30178,中证全指医疗保健设备与服务指数,549920000
159875,399808,中证新能源指数,2082162899
159876,930708,中证有色金属指数,1391377018
159877,H30178,中证全指医疗保健设备与服务指数,211792292
159880,399395,国证有色金属行业指数,1238103036
159881,930708,中证有色金属指数,177499166
159883,H30217,中证全指医疗器械指数,9256037843
159885,000977,中证内地低碳经济主题指数,245467316
159886,000812,细分机械,65442555
159887,H30022,中证800银行指数,712815950
159888,930721,中证智能汽车主题指数,75446068
159889,930721,中证智能汽车主题指数,30400796
159890,930851,中证云计算与大数据主题指数,237590688
159891,H30178,中证全指医疗保健设备与服务指数,346024837
159892,HSHKBIO,恒生生物科技指数,6710266022
159895,930712,中证物联网主题指数,69241864
159896,930712,中证物联网主题指数,34055960
159898,H30217,中证全指医疗器械指数,932098825
159899,H30202,中证全指软件指数,816977729
159901,399330,深证100指数(价格),940530702
159902,399005,中小企业100指数,121995406
159903,399001,深证成份指数(价格),304154507
159905,399324,深证红利指数,1118943951
159906,399326,深证成长40指数,190639725
159907,399303,国证2000指数,167197694
159908,399006,创业板指数(价格),322229029
159909,399610,深证电子信息传媒产业50指数,489061992
159910,399702,深证基本面120指数,84906143
159912,399007,深证300价格,58448991
159913,399348,深证300价值指数,22329693
159915,399006,创业板指数(价格),10750023559
159916,399701,深证基本面60指数,47066039
159918,399624,中小创业企业400指数,29561264
159919,000300,沪深300指数,6939216676
159920,HSI,恒生指数,6407559219
159922,000905,中证500指数,2241676765
159923,000903,中证A100指数,8285812
159925,000300,沪深300指数,522320856
159928,000932,中证主要消费指数,23320629040
159929,000933,中证医药卫生指数,1803204203
159930,000928,中证能源指数,571898150
159931,000934,中证金融地产指数,19828511
159933,000914,沪深300金融地产指数,36878943
159934,AU9999,黄金9999,3783708998
159935,000905,中证500指数,22572956
159936,000989,中证全指可选消费指数,108156094
159937,AU9999,黄金9999,4752921977
159938,000991,中证全指医药卫生指数,7339567236
159939,000993,中证全指信息技术指数,837656106
159940,000992,中证全指金融地产指数,434059983
159941,NDX100,纳斯达克100指数,22485110164
159943,399001,深证成份指数(价格),122229922
159944,000987,中证全指原材料指数,35608342
159945,000986,中证全指能源指数,69572327
159948,399006,创业板指数(价格),1045697720
159949,399673,创业板50指数,12230785113
159952,399006,创业板指数(价格),3452184929
159954,HSCEI,恒生中国企业指数,220605083
159956,399006,创业板指数(价格),40978674
159957,399006,创业板指数(价格),785784560
159958,399006,创业板指数(价格),211211448
159959,000860,中证央企结构调整指数,1822891780
159960,HSCEI,恒生中国企业指数,179573960
159961,399330,深证100指数(价格),106245196
159964,399006,创业板指数(价格),187481881
159965,399550,央视财经50指数,22426953
159966,399295,创业板低波价值指数,575999521
159967,399296,创业板动量成长指数,5810705811
159968,000905,中证500指数,59295098
159970,399330,深证100指数(价格),10468704
159971,399006,创业板指数(价格),1270020288
159972,930865,中证5年期地方政府债指数,52885910
159973,399362,国证民企领先100指数,199976423
159974,000861,中证央企创新驱动指数,39432422
159975,399330,深证100指数(价格),54437760
159976,980001,粤港澳大湾区创新100指数,64885872
159977,399006,创业板指数(价格),2999872820
159980,IMCI,上期有色金属指数,2578824777
159981,ESZCE_ECIA,易盛郑商所能源化工指数A,1792536957
159982,000905,中证500指数,132211253
159985,DCESMFI,大商所豆粕期货价格指数,1509124066
159991,399293,创业板大盘指数,94263172
159992,931152,中证创新药产业指数,19873781217
159993,399437,国证证券龙头指数,3521197982
159994,931079,中证5G通信主题指数,2954003358
159995,980017,国证半导体芯片指数,22391126012
159996,930697,中证全指家用电器指数,508554846
159997,930652,中证电子指数,658306634
159998,930651,中证计算机主题指数,1712255354
510010,000021,上证180公司治理指数,132524362
510020,000043,上证超级大盘指数,35848002
510030,000029,上证180价值指数,163729808
510040,000010,上证180指数,34480000
510050,000016,上证50指数,6392466757
510060,000042,上证中央企业50指数,36959219
510090,000048,责任指数,25581114
510100,000016,上证50指数,1087706830
510130,000044,上证中盘,31885089
510140,000001,上证综合指数,215230463
510150,000069,消费80,2973178600
510160,000901,中证南方小康产业指数,194057409
510170,000066,上证商品,364914844
510180,000010,上证180指数,4470057679
510190,000016,上证50指数,25150796
510200,950105,上证证券行业指数,157885548
510210,000001,上证综合指数,8507192565
510230,000018,上证180金融股指数,920808035
510270,000056,上证国企,17832064
510290,000009,上证380,54448915
510300,000300,沪深300指数,18914887690
510310,000300,沪深300指数,11644903922
510320,000300,沪深300指数,676068476
510330,000300,沪深300指数,7489149828
510350,000300,沪深300指数,679614701
510360,000300,沪深300指数,1514381165
510370,000300,沪深300指数,78258111
510380,000300,沪深300指数,1242802400
510390,000300,沪深300指数,118549992
510410,000068,上证资源,421258387
510500,000905,中证500指数,4148568617
510510,000905,中证500指数,787038319
510530,000905,中证500指数,44979379
510550,000905,中证500指数,21743317
510560,000905,中证500指数,62318687
510570,000905,中证500指数,28060583
510580,000905,中证500指数,917368341
510590,000905,中证500指数,138786121
510600,000016,上证50指数,11815126
510630,000036,上证主要消费行业指数,534361468
510650,000038,上证金融地产行业指数,11952472
510660,000037,上证医药卫生行业指数,54379719
510670,000010,上证180指数,200493000
510680,000016,上证50指数,17824652
510710,000016,上证50指数,103118871
510720,000151,上证国有企业红利指数,3692766000
510760,000001,上证综合指数,2042503665
510770,950049,上证G60战略新兴产业成份指数,23110677
510800,000016,上证50指数,183576000
510810,950096,中证上海国企指数,6064193710
510850,000016,上证50指数,64098894
510880,000015,上证红利指数,7654175703
510900,HSCEI,恒生中国企业指数,3453021934
510910,000001,上证综合指数,222796000
510950,000016,上证50指数,99220838
510980,000001,上证综合指数,479798000
510990,931088,中证180 ESG指数,38948628
511010,000140,上证5年期国债指数,36356287
511020,931018,中证5-10年期国债活跃券指数,29387525
511030,CBC00701,中债-中高等级公司债利差因子财富(总值)指数,381550731
511060,950045,上证5年期地方政府债指数,16236285
511070,950245,上证基准做市公司债指数,261010970
511090,CBA21801,中债-30年期国债财富(总值)指数,258228146
511100,950243,上证基准做市国债指数,116340504
511110,950245,上证基准做市公司债指数,269299618
511120,950167,上证AAA科技创新公司债指数,113670599
511130,950175,上证30年期国债指数,172589660
511150,950167,上证AAA科技创新公司债指数,113590903
511160,931552,中证1-3年国债指数,29950915
511180,950041,上证投资级可转债及可交换债券指数,923459729
511190,950245,上证基准做市公司债指数,122494302
511200,950245,上证基准做市公司债指数,197217452
511220,H11098,上证城投债指数,5277781350
511260,H11077,上证10年期国债指数,147408381
511270,950109,上证10年期地方政府债指数,86267471
511360,H11014,中证短融指数,709784636
511380,931078,中证可转债及可交换债券指数,4320886670
511520,CBA08203,中债-7-10年政策性金融债全价(总值)指数,358276487
511580,932200,中证国债及政策性金融债0-3年指数,112110811
511600,--,--,730575
511620,--,--,4127181
511650,--,--,1207768
511660,--,--,81269560
511670,--,--,146735
511690,--,--,5959242
511700,--,--,15740285
511770,--,--,404222
511800,--,--,1617748
511810,--,--,3673911
511820,--,--,650286
511830,--,--,318204
511850,--,--,8946371
511860,--,--,406635
511880,--,--,790544340
511900,--,--,1827185
511910,--,--,93112
511920,--,--,340734
511930,--,--,203581
511950,--,--,327137
511960,--,--,290443
511970,--,--,422704
511980,--,--,240902
511990,--,--,783509676
512000,399975,中证全指证券公司指数,71054435366
512010,000913,沪深300医药卫生指数,49106694936
512020,000510,中证A500指数,941012667
512030,930050,中证A50指数,43240000
512040,931052,中证国信价值指数,4159715870
512050,000510,中证A500指数,13255992187
512060,000903,中证A100指数,8928000
512070,H30035,沪深300非银行金融指数,17597479691
512080,000510,中证A500指数,596186062
512090,716567,MSCI中国A股国际通指数,327592316
512100,000852,中证1000指数,3077217646
512120,000814,细分医药,850241927
512130,932365,中证全指自由现金流指数,13895000
512140,H30199,中证全指电力公用事业指数,161049000
512150,XIN9,富时中国A50指数,19073350
512160,716567,MSCI中国A股国际通指数,121777775
512170,399989,中证医疗指数,83680820474
512180,716567,MSCI中国A股国际通指数,48048000
512190,930758,中证浙江凤凰行动50指数,151118422
512200,931775,中证全指房地产指数,2658097902
512220,H30318,中证科技传媒通信150指数,187467642
512240,930050,中证A50指数,17186000
512250,930050,中证A50指数,131600110
512260,930782,中证500行业中性低波动指数,22097720
512290,930726,中证生物医药指数,3876820694
512330,000858,中证500信息技术指数,356688000
512360,704843,MSCI中国A股国际指数,27337704
512370,000510,中证A500指数,329313000
512380,718711,MSCI中国A股人民币指数,72805582
512390,707918,MSCI中国A股低波指数,18681999
512400,000819,有色金属,12162039000
512410,399986,中证银行指数,261871651
512413,,,0
512420,931752,中证工程机械主题指数,206238925
512423,,,0
512430,931241,中证家居家电指数,31720000
512450,931946,中证畜牧养殖产业指数,111367000
512460,931719,中证电池主题指数,155823000
512480,H30184,中证全指半导体产品与设备指数,17366007200
512500,000905,中证500指数,1559208794
512510,000905,中证500指数,397429801
512520,716567,MSCI中国A股国际通指数,42056394
512530,000821,沪深300红利指数,102501993
512550,XIN9,富时中国A50指数,109905968
512560,399967,中证军工指数,782126992
512570,399975,中证全指证券公司指数,3364806068
512580,000827,中证环保产业指数,583471654
512600,000932,中证主要消费指数,1538756120
512620,000949,中证农业主题指数,1167666000
512630,931594,中证卫星产业指数,1493426000
512640,000934,中证金融地产指数,24240886
512650,931141,中证长三角一体化发展主题指数,36941627
512660,399967,中证军工指数,5270079995
512670,399973,中证国防指数,1924652628
512680,399967,中证军工指数,3340130140
512690,399987,中证酒指数,34449550174
512700,399986,中证银行指数,777581000
512710,931066,中证军工龙头指数,11231658398
512720,930651,中证计算机主题指数,391453447
512730,399986,中证银行指数,71583874
512750,000925,中证锐联基本面50指数,47454906
512760,990001,中华交易服务半导体芯片行业人民币指数,8645445544
512770,000171,中国战略新兴产业成份指数,99767789
512800,399986,中证银行指数,14423679906
512810,399967,中证军工指数,945583454
512820,399986,中证银行指数,450701877
512870,931033,中证杭州湾区指数,21410637
512880,399975,中证全指证券公司指数,52787291482
512890,H30269,中证红利低波动指数,29331110780
512900,399975,中证全指证券公司指数,7170906000
512910,000903,中证A100指数,131128764
512930,930713,中证人工智能主题指数,4216521332
512940,931892,中证有色金属矿业主题指数,2187705000
512950,000860,中证央企结构调整指数,4046550969
512960,000860,中证央企结构调整指数,3858457287
512970,931000,中证粤港澳大湾区发展主题指数,9987638
512980,399971,中证传媒指数,4205924439
512990,716567,MSCI中国A股国际通指数,99015418
513000,N225,东京日经225指数,981411379
513010,HSTECH,恒生科技指数,45444307000
513020,931573,中证港股通科技指数,2708145428
513030,GDAXI,法兰克福DAX指数,1014779000
513040,931637,中证港股通互联网指数,5823341318
513050,H30533,中证海外中国互联网50人民币指数,33554432720
513060,HSHCI,恒生医疗保健指数,11235393320
513070,931454,中证港股通消费主题港元指数,1237760826
513080,FCHI,法国CAC40指数,634916000
513090,930709,中证香港证券投资主题港元指数,10577488000
513100,NDX100,纳斯达克100指数,9465110600
513110,NDX100,纳斯达克100指数,2158435000
513120,931787,中证香港创新药港币指数,22608635422
513130,HSTECH,恒生科技指数,65292347000
513140,H30106,中证港股通金融服务指数,83868000
513150,931573,中证港股通科技指数,117059805
513160,HSSCT,恒生港股通中国科技指数,3482189251
513170,HSCSOE,恒生中国央企指数,208573000
513180,HSTECH,恒生科技指数,72848759500
513190,H11146,中证港股通内地金融港元指数,993936000
513200,930965,中证港股通医药卫生综合港元指数,1044282072
513210,HSI,恒生指数,42942000
513220,930796,中证全球中国互联网人民币指数,561109416
513230,931454,中证港股通消费主题港元指数,312422700
513240,930967,中证港股通信息技术综合港元指数,79496000
513260,HSTECH,恒生科技指数,5331242980
513280,HSHKBIO,恒生生物科技指数,418114457
513290,NBI,纳斯达克生物科技指数,945572120
513300,NDX100,纳斯达克100指数,5192921000
513310,931790,中证韩交所中韩半导体指数,2298427000
513320,HSSCNE,恒生港股通新经济指数,111010597
513330,HSIII,恒生互联网科技业指数,72437480000
513350,SPSIOP,S&P Oil & Gas Exploration & Production Select Industry,803746000
513360,931456,中证全球中国教育主题人民币指数,659713920
513380,HSTECH,恒生科技指数,19141784948
513390,NDX100,纳斯达克100指数,1842379100
513400,DJIA,道琼斯工业平均指数,2282062000
513500,SPX,标准普尔500指数,9931638570
513520,N225,东京日经225指数,1055887188
513530,930914,中证港股通高股息投资港元指数,2603938710
513550,930931,中证港股通50港元指数,1606992000
513560,931573,中证港股通科技指数,564386000
513580,HSTECH,恒生科技指数,6727118000
513590,931454,中证港股通消费主题港元指数,134718892
513600,HSI,恒生指数,603829500
513620,932069,中证港股通医疗主题指数,171216000
513630,SPAHLVCP,标普港股通低波红利指数,7591359000
513650,SPX,标准普尔500指数,4181734000
513660,HSI,恒生指数,2242000190
513690,HSSCHKY,港股通高股息率指数,3542979850
513700,930965,中证港股通医药卫生综合港元指数,949846000
513720,931637,中证港股通互联网指数,238859000
513730,ASIATECP,新交所泛东南亚科技指数,886355000
513750,931028,中证港股通非银行金融主题人民币指数,9566338000
513770,931637,中证港股通互联网指数,14523137878
513780,931250,中证港股通创新药指数,1772657000
513800,TPX,东证指数,1056644394
513810,H11153,中证香港内地国有企业港元指数,36992000
513820,930914,中证港股通高股息投资港元指数,1855669000
513830,930914,中证港股通高股息投资港元指数,57311000
513850,750108,MSCI USA 50 Index,1200892600
513860,931573,中证港股通科技指数,4222470600
513870,NDX100,纳斯达克100指数,1261671000
513880,N225,东京日经225指数,1272970000
513890,HSTECH,恒生科技指数,924128000
513900,CES100,中华港股通精选100港元指数,122978000
513910,931233,中证港股通央企红利指数,2100276000
513920,HSSCSOY,恒生港股通中国央企红利指数,2609231000
513930,HSHKBIO,恒生生物科技指数,83408000
513950,HSHYLV,恒生港股通高股息低波动指数,2011619000
513970,HSCGSI,恒生消费指数,1524041000
513980,931573,中证港股通科技指数,23414204000
513990,H50069,上证港股通指数,67000000
515000,931087,中证科技龙头指数,2376579334
515010,399975,中证全指证券公司指数,1871271585
515020,399986,中证银行指数,396345319
515030,399976,中证新能源汽车指数,1659384000
515040,H11059,中证工业有色金属主题指数,216319577
515043,,,0
515050,931079,中证5G通信主题指数,17915205428
515060,931775,中证全指房地产指数,883478058
515070,930713,中证人工智能主题指数,7410940370
515080,000922,中证红利指数,8198148880
515090,931268,中证可持续发展100指数,7801700
515100,930955,中证红利低波动100指数,4252441529
515110,000859,中证国企一带一路指数,223294991
515120,931152,中证创新药产业指数,17340993564
515130,000300,沪深300指数,76463181
515150,000859,中证国企一带一路指数,398703210
515160,716567,MSCI中国A股国际通指数,245955051
515170,000815,细分食品,9048257875
515180,000922,中证红利指数,12254637000
515190,000905,中证500指数,267466080
515200,931159,中证研发创新100指数,40943230
515210,930606,中证钢铁指数,915726070
515220,399998,中证煤炭指数,10578676918
515230,H30202,中证全指软件指数,6986690872
515250,930721,中证智能汽车主题指数,375944501
515260,931461,中证电子50指数,958568426
515290,399986,中证银行指数,2814772937
515300,930740,沪深300红利低波动指数,3929675164
515310,000300,沪深300指数,230611220
515320,931461,中证电子50指数,79309000
515330,000300,沪深300指数,5384709496
515350,000300,沪深300指数,10799186
515360,000300,沪深300指数,38279341
515370,931151,中证光伏产业指数,957713000
515380,000300,沪深300指数,639999814
515390,000300,沪深300指数,1398683016
515400,930902,中证大数据产业指数,1418631400
515450,SPCLLHCP,标普中国A股大盘红利低波50指数,13735335000
515460,932315,中证全指红利质量指数,306091000
515480,930955,中证红利低波动100指数,225340713
515483,,,0
515530,000905,中证500指数,12242672
515550,000905,中证500指数,16345700
515560,399975,中证全指证券公司指数,191883311
515580,931187,中证科技100指数,310031444
515590,000982,中证500等权重指数,34113665
515600,000861,中证央企创新驱动指数,1034797416
515630,399966,中证800证券保险指数,690717720
515640,930697,中证全指家用电器指数,17050000
515650,931139,中证消费50指数,3067184013
515660,000300,沪深300指数,458794165
515680,000861,中证央企创新驱动指数,1100264710
515700,930997,中证新能源汽车产业指数,636510190
515710,000815,细分食品,2468599785
515720,930986,中证金融科技主题指数,413611000
515730,931241,中证家居家电指数,39892000
515750,931186,中证科技50策略指数,301140547
515760,931372,中证浙江国资创新发展指数,97888085
515770,718711,MSCI中国A股人民币指数,36727323
515790,931151,中证光伏产业指数,6761494000
515800,000906,中证800指数,3021437198
515810,000906,中证800指数,257908843
515840,H30192,中证全指食品指数,219426421
515843,,,0
515850,399975,中证全指证券公司指数,405790960
515860,931165,中证新兴科技100策略指数,107878938
515880,931160,中证全指通信设备指数,67271773956
515890,000922,中证红利指数,346443897
515900,000861,中证央企创新驱动指数,2226046521
515910,707717,MSCI中国A股国际质量指数,242507000
515920,930648,中证智能消费主题指数,61405683
515950,931140,中证医药50指数,605200628
515960,931166,中证医药健康100策略指数,260991927
515970,931752,中证工程机械主题指数,920088000
515980,931071,中证人工智能产业指数,5603129000
515990,000859,中证国企一带一路指数,55350160
516000,930902,中证大数据产业指数,340855000
516010,930901,中证动漫游戏指数,2128693000
516020,000813,细分化工,3722326249
516050,931087,中证科技龙头指数,152228000
516060,931152,中证创新药产业指数,331237400
516070,000977,中证内地低碳经济主题指数,293646000
516080,931152,中证创新药产业指数,3381554800
516090,399808,中证新能源指数,1888844752
516100,930986,中证金融科技主题指数,1054759670
516110,H30015,中证800汽车与零部件指数,197623127
516120,000813,细分化工,5398082000
516130,931068,中证消费龙头指数,1527890011
516150,930598,中证稀土产业指数,3821077000
516160,399808,中证新能源指数,1578642001
516180,931151,中证光伏产业指数,165987000
516190,H30365,中证文娱传媒指数,95818549
516200,399975,中证全指证券公司指数,372604000
516210,399986,中证银行指数,84131000
516220,000813,细分化工,309170000
516230,931151,中证光伏产业指数,732921000
516250,931752,中证工程机械主题指数,96878000
516260,930712,中证物联网主题指数,45882647
516270,000941,中证内地新能源主题指数,313409000
516290,931151,中证光伏产业指数,735196945
516300,000852,中证1000指数,23012592
516310,399986,中证银行指数,1760058477
516320,H11054,中证装备产业指数,80589305
516330,930712,中证物联网主题指数,4871291
516350,H30007,中证芯片产业指数,1254415318
516360,H30597,中证新材料主题指数,58551798
516370,H30199,中证全指电力公用事业指数,310408000
516380,H11052,中证智能电动汽车指数,78449259
516390,930997,中证新能源汽车产业指数,172261000
516440,931752,中证工程机械主题指数,207626581
516443,,,0
516460,932368,中证800自由现金流指数,446693000
516500,930743,中证生物科技主题指数,291937200
516510,930851,中证云计算与大数据主题指数,1404890000
516520,930721,中证智能汽车主题指数,863765466
516530,930716,中证现代物流指数,18302333
516550,399814,中证大农业指数,246414400
516560,399812,中证养老产业指数,216258001
516570,H11057,中证石化产业指数,1179357595
516580,399808,中证新能源指数,142124083
516590,H11052,中证智能电动汽车指数,50015000
516600,000806,消费服务,116332115
516610,H30178,中证全指医疗保健设备与服务指数,216974800
516620,930781,中证影视主题指数,166267541
516630,930851,中证云计算与大数据主题指数,523156000
516640,H30007,中证芯片产业指数,1186482781
516650,000811,细分有色,5342464789
516660,399976,中证新能源汽车指数,158689000
516670,930707,中证畜牧养殖指数,2977266313
516700,930902,中证大数据产业指数,147622015
516710,H30597,中证新材料主题指数,76272000
516720,931476,中证ESG120策略指数,12337807
516730,931412,中证证券公司30指数,165380771
516750,931009,中证全指建筑材料指数,130667264
516760,930707,中证畜牧养殖指数,297215079
516770,930901,中证动漫游戏指数,331048000
516780,930598,中证稀土产业指数,2278599676
516790,H30178,中证全指医疗保健设备与服务指数,177482183
516800,930850,中证智能制造主题指数,202308000
516810,000949,中证农业主题指数,524478907
516820,931484,中证医药及医疗器械创新指数,5522415249
516830,931463,沪深300ESG基准指数,87176885
516840,931008,中证全指汽车指数,129277000
516850,399808,中证新能源指数,144237000
516860,930986,中证金融科技主题指数,1166522000
516880,931151,中证光伏产业指数,991944061
516890,H30597,中证新材料主题指数,29311427
516900,000807,食品饮料,350729000
516910,930716,中证现代物流指数,58641835
516920,H30007,中证芯片产业指数,466963000
516930,930743,中证生物科技主题指数,113639567
516950,930608,中证基建指数,119821000
516960,000812,细分机械,13051128
516970,399995,中证基建工程指数,1114042513
516980,931402,中证证券公司先锋策略指数,68516000
517000,H30455,中证沪港深500人民币指数,132793000
517010,H30455,中证沪港深500人民币指数,87144188
517030,931395,中证沪港深300指数,87040311
517050,930625,中证沪港深互联网人民币指数,349605000
517080,H30455,中证沪港深500人民币指数,185166000
517090,GPCCH003,富时中国国企开放共赢指数,64074975
517100,H30455,中证沪港深500人民币指数,157102125
517110,931409,中证沪港深创新药产业人民币指数,968098525
517120,931409,中证沪港深创新药产业人民币指数,526966352
517130,931470,中证沪港深云计算产业人民币指数,466154000
517160,931554,中证长江保护主题指数,1824777488
517170,H30455,中证沪港深500人民币指数,16131846
517180,GPCCH003,富时中国国企开放共赢指数,101496252
517200,930625,中证沪港深互联网人民币指数,142782000
517233,,,0
517234,,,0
517300,931395,中证沪港深300指数,1260434450
517330,931554,中证长江保护主题指数,1806169017
517350,931524,中证沪港深科技龙头指数,50542000
517360,931442,中证沪港深科技100人民币指数,25083000
517380,HSSSHID,恒生沪深港创新药精选50指数,2322326315
517390,931470,中证沪港深云计算产业人民币指数,134112600
517400,931238,中证沪深港黄金产业股票指数,771792000
517520,931238,中证沪深港黄金产业股票指数,4734404000
517550,931663,中证沪港深消费龙头人民币指数,89417367
517660,931575,中证沪港深物联网主题指数,44680664
517770,931580,中证沪港深游戏及文化传媒指数,153947781
517800,931487,中证沪港深人工智能50人民币指数,232539737
517850,931596,中证沪港深张江自主创新50指数,38185172
517880,931404,中证沪港深品牌消费50人民币指数,53337114
517900,931039,中证银行AH价格优选人民币指数,479993456
517950,931785,中证智选沪深港科技50指数,59123233
517990,H30463,中证沪港深500医药卫生人民币指数,47987855
518600,SHAU,上海金,904216346
518660,AU9999,黄金9999,929852668
518680,SHAU,上海金,775369516
518800,AU9999,黄金9999,3615479220
518850,AU9999,黄金9999,1704978696
518860,SHAU,上海金,477759834
518880,AU9999,黄金9999,10296640847
518890,SHAU,上海金,400154845
520500,HSIDI,恒生创新药指数,1965305000
520510,932069,中证港股通医疗主题指数,224728000
520520,HSCGSI,恒生消费指数,54106000
520530,931573,中证港股通科技指数,270776000
520550,HSHYLV,恒生港股通高股息低波动指数,1099524000
520560,HSFML25,恒生中国(香港上市)30指数,677419000
520570,HSTECH,恒生科技指数,3560876000
520580,IMIT50,iEdge Emerging Asia Select 50 Index,291983880
520590,HSTECH,恒生科技指数,223235000
520600,931239,中证港股通汽车产业主题指数,326368000
520610,SPAHLVCP,标普港股通低波红利指数,285963000
520620,HSCGSI,恒生消费指数,349409000
520630,931637,中证港股通互联网指数,445610000
520650,931637,中证港股通互联网指数,1888755000
520660,931722,中证国新港股通央企红利指数,2307485486
520670,HSSCITI,恒生港股通科技主题指数,232428096
520680,931239,中证港股通汽车产业主题指数,67369000
520690,HSSCPB,恒生港股通创新药精选指数,722454000
520700,931250,中证港股通创新药指数,530076000
520710,930967,中证港股通信息技术综合港元指数,221029000
520720,931239,中证港股通汽车产业主题指数,131942000
520730,HSSCAM,恒生港股通汽车主题指数,125394444
520743,,,0
520750,930967,中证港股通信息技术综合港元指数,213384000
520760,HSHKBIO,恒生生物科技指数,205466000
520770,HSISC,恒指港股通指数,209373818
520780,931239,中证港股通汽车产业主题指数,39459969
520790,931637,中证港股通互联网指数,385075000
520810,930914,中证港股通高股息投资港元指数,280360000
520820,HSISC,恒指港股通指数,66682000
520830,FISAULMU,富时沙特阿拉伯指数,1186619000
520840,HSSCITI,恒生港股通科技主题指数,1270049000
520850,932069,中证港股通医疗主题指数,178249555
520860,931573,中证港股通科技指数,343195000
520870,BVSP,巴西BOVESPA,546477164
520880,HSSCPB,恒生港股通创新药精选指数,5729618000
520890,HSHYLV,恒生港股通高股息低波动指数,72008000
520900,931722,中证国新港股通央企红利指数,1798675047
520910,931637,中证港股通互联网指数,779445000
520920,HSTECH,恒生科技指数,19183019000
520930,HSHKBIO,恒生生物科技指数,129733000
520940,HSISC,恒指港股通指数,23297000
520950,HSSC50,恒生港股通50指数,351421000
520960,HSISC,恒指港股通指数,66603443
520970,931250,中证港股通创新药指数,1351358000
520980,HSSCT,恒生港股通中国科技指数,3736387000
520990,931722,中证国新港股通央企红利指数,3689470522
530000,000016,上证50指数,954029440
530050,000016,上证50指数,123813000
530060,000001,上证综合指数,258193000
530080,000010,上证180指数,30917000
530100,950580,上证580指数,120696000
530180,000010,上证180指数,65952000
530280,000010,上证180指数,28434000
530300,000010,上证180指数,37643000
530380,000009,上证380,150705000
530530,950580,上证580指数,125460000
530580,000010,上证180指数,61149000
530680,000010,上证180指数,116891948
530800,000010,上证180指数,18201830
530880,000151,上证国有企业红利指数,46836000
560010,000852,中证1000指数,2420621726
560020,000922,中证红利指数,119562000
560030,H30356,中证800价值指数,23432000
560050,746059,MSCI中国A50互联互通人民币指数,2297434415
560060,931755,中证上海环交所碳中和指数,77090000
560070,932039,中证国新央企股东回报指数,130862253
560080,930641,中证中药指数,2623765000
560090,399975,中证全指证券公司指数,2233865000
560100,000905,中证500指数,59580333
560110,000852,中证1000指数,124903500
560120,932367,中证500自由现金流指数,599689000
560130,H30192,中证全指食品指数,72776200
560150,H30269,中证红利低波动指数,681279264
560160,H30192,中证全指食品指数,119706000
560170,932038,中证国新央企科技引领指数,265495492
560180,931463,沪深300ESG基准指数,15603000
560190,000995,中证全指公用事业指数,19834000
560210,930910,中证全指农牧渔指数,557522000
560220,932000,中证2000指数,48717000
560230,931151,中证光伏产业指数,85889000
560250,932315,中证全指红利质量指数,368833000
560260,399989,中证医疗指数,1880664675
560270,H30199,中证全指电力公用事业指数,177939000
560280,931752,中证工程机械主题指数,1854752000
560290,931892,中证有色金属矿业主题指数,255694000
560300,931235,中证电信主题指数,29803375
560310,931151,中证光伏产业指数,183122000
560320,H30192,中证全指食品指数,160332000
560330,000919,沪深300价值指数,17130000
560350,930050,中证A50指数,863532144
560360,930601,中证软件服务指数,204345000
560370,932315,中证全指红利质量指数,118584000
560380,000903,中证A100指数,144861000
560390,HSCAUPG,恒生A股电网设备指数,1180258000
560400,399975,中证全指证券公司指数,155493000
560410,931719,中证电池主题指数,56786100
560420,H30192,中证全指食品指数,154780171
560450,H30199,中证全指电力公用事业指数,307569000
560460,H30199,中证全指电力公用事业指数,338537000
560470,000811,细分有色,282340000
560480,H30199,中证全指电力公用事业指数,244803000
560490,H11059,中证工业有色金属主题指数,338482000
560500,930939,中证500质量成长指数,274339000
560510,000510,中证A500指数,2420026938
560520,930955,中证红利低波动100指数,28751000
560530,000510,中证A500指数,2275623668
560550,931755,中证上海环交所碳中和指数,127597408
560560,000977,中证内地低碳经济主题指数,70190090
560570,932422,中证A500红利低波动指数,1478541221
560580,H30199,中证全指电力公用事业指数,418003000
560590,000852,中证1000指数,13710000
560610,000510,中证A500指数,4450988393
560620,000995,中证全指公用事业指数,26367000
560630,H30590,中证机器人指数,117394000
560650,,,0
560660,931469,中证云计算50指数,133938000
560670,399986,中证银行指数,213974000
560680,000932,中证主要消费指数,327725629
560690,931235,中证电信主题指数,18889000
560700,932039,中证国新央企股东回报指数,377036856
560710,932420,中证智选船舶产业指数,1982580000
560720,930955,中证红利低波动100指数,278548000
560730,H30269,中证红利低波动指数,618836274
560733,,,0
560750,000510,中证A500指数,66554750
560770,H30590,中证机器人指数,1410133000
560780,931743,中证半导体材料设备主题指数,8053488000
560790,930601,中证软件服务指数,328455907
560800,931582,中证数字经济主题指数,299951111
560810,931243,中证诚通央企ESG指数,193116009
560820,930050,中证A50指数,40926000
560830,H30199,中证全指电力公用事业指数,1191519000
560850,931247,中证信息技术应用创新产业指数,77164000
560860,H11059,中证工业有色金属主题指数,5650233000
560870,H11059,中证工业有色金属主题指数,221351880
560880,930697,中证全指家用电器指数,205732000
560900,931152,中证创新药产业指数,208969080
560910,931719,中证电池主题指数,319721000
560920,931752,中证工程机械主题指数,247373264
560930,H30199,中证全指电力公用事业指数,265524000
560950,000905,中证500指数,13483000
560970,H11059,中证工业有色金属主题指数,228138000
560980,931798,中证光伏龙头30指数,333022000
560990,931447,中证科技先锋指数,14187107
561000,000300,沪深300指数,47420000
561010,932094,中证全指软件开发指数,248356000
561020,H30192,中证全指食品指数,203022206
561023,,,0
561030,931752,中证工程机械主题指数,276550000
561050,930632,中证稀有金属主题指数,495250000
561060,000824,中证国有企业红利指数,57565000
561080,932365,中证全指自由现金流指数,28250000
561090,000510,中证A500指数,212974000
561100,931494,中证消费电子主题指数,666746940
561120,930697,中证全指家用电器指数,29659890
561130,931403,中证新华社民族品牌工程指数,99935237
561160,931719,中证电池主题指数,2603335000
561170,931897,中证绿色电力指数,514532693
561180,000903,中证A100指数,47609590
561190,931755,中证上海环交所碳中和指数,199318041
561200,000903,中证A100指数,29470456
561220,931529,中证诚通国企数字经济指数,37053000
561230,930050,中证A50指数,440477836
561250,930632,中证稀有金属主题指数,226752176
561253,,,0
561260,932037,中证国新央企现代能源指数,24895245
561280,000852,中证1000指数,72847674
561300,000300,沪深300指数,358964969
561310,931494,中证消费电子主题指数,95833124
561320,000945,中证内地运输主题指数,57369000
561330,931892,中证有色金属矿业主题指数,1760392130
561350,000905,中证500指数,64700000
561360,H30198,中证油气产业指数,1324148000
561370,932000,中证2000指数,22356000
561380,HSCAUPG,恒生A股电网设备指数,6606033990
561393,,,0
561400,931946,中证畜牧养殖产业指数,217518968
561403,,,0
561413,,,0
561414,,,0
561420,932366,沪深300自由现金流指数,209236990
561423,,,0
561430,932315,中证全指红利质量指数,262223183
561450,SPCLLHCP,标普中国A股大盘红利低波50指数,212624349
561453,,,0
561460,930713,中证人工智能主题指数,393520000
561463,,,0
561470,931946,中证畜牧养殖产业指数,235936000
561473,,,0
561490,932315,中证全指红利质量指数,372631257
561493,,,0
561500,931526,中证企业核心竞争力50指数,57600250
561510,930641,中证中药指数,65206015
561550,000905,中证500指数,1036489551
561560,H30199,中证全指电力公用事业指数,2056124186
561570,H30198,中证油气产业指数,83147000
561580,000825,中证中央企业红利指数,2038870668
561590,000852,中证1000指数,73999645
561600,931494,中证消费电子主题指数,292548000
561620,000813,细分化工,207227000
561623,,,0
561630,932315,中证全指红利质量指数,253898000
561633,,,0
561660,931855,中证通用航空主题指数,59710000
561680,932422,中证A500红利低波动指数,71169000
561700,H30199,中证全指电力公用事业指数,345313584
561733,,,0
561734,,,0
561750,930050,中证A50指数,62996000
561760,931248,中证油气资源指数,186195000
561770,000903,中证A100指数,37550000
561780,000852,中证1000指数,11355790
561790,932037,中证国新央企现代能源指数,55434026
561800,930632,中证稀有金属主题指数,201577226
561810,H30217,中证全指医疗器械指数,215638361
561813,,,0
561870,932365,中证全指自由现金流指数,109765000
561880,000903,中证A100指数,80389000
561890,930903,中证A股指数,271112560
561893,,,0
561900,931463,沪深300ESG基准指数,23334374
561910,931719,中证电池主题指数,4748076605
561920,931992,中证疫苗与生物技术指数,48692000
561930,000300,沪深300指数,118260624
561950,000905,中证500指数,78156000
561960,932039,中证国新央企股东回报指数,54185247
561980,931865,中证半导体产业指数,8035550000
561990,000300,沪深300指数,328649245
562000,000903,中证A100指数,596737880
562010,931733,中证绿色能源指数,21298723
562030,931247,中证信息技术应用创新产业指数,136973868
562050,932217,中证制药指数,115468000
562060,CSPSADRP,标普中国A股红利机会指数,5508792568
562070,000300,沪深300指数,417542000
562080,932366,沪深300自由现金流指数,634757200
562173,,,0
562174,,,0
562300,000977,中证内地低碳经济主题指数,60495000
562310,000918,沪深300成长指数,536572276
562320,000919,沪深300价值指数,58295508
562330,H30352,中证500价值指数,10018919
562340,930939,中证500质量成长指数,6144349
562350,H30199,中证全指电力公用事业指数,127410858
562360,H30590,中证机器人指数,249474000
562380,932038,中证国新央企科技引领指数,71628894
562390,930641,中证中药指数,85429000
562500,H30590,中证机器人指数,15211187250
562510,930633,中证旅游主题指数,1064095000
562520,931591,中证智选1000成长创新策略指数,20568043
562530,931588,中证智选1000价值稳健策略指数,43143971
562550,931897,中证绿色电力指数,1666919319
562560,000993,中证全指信息技术指数,21265512
562570,931247,中证信息技术应用创新产业指数,299281000
562580,000989,中证全指可选消费指数,37723273
562590,931743,中证半导体材料设备主题指数,6946989000
562600,H30217,中证全指医疗器械指数,456937440
562660,932000,中证2000指数,208874000
562700,931230,中证汽车零部件主题指数,98750000
562800,930632,中证稀有金属主题指数,6042595000
562810,000001,上证综合指数,47951000
562820,932087,中证全指集成电路指数,366408000
562850,932037,中证国新央企现代能源指数,223981454
562860,931992,中证疫苗与生物技术指数,342894966
562870,399975,中证全指证券公司指数,522505224
562880,931719,中证电池主题指数,1106899595
562890,930050,中证A50指数,195551023
562900,930662,中证现代农业主题指数,222706318
562910,H11054,中证装备产业指数,224227318
562920,399994,中证信息安全主题指数,87069000
562930,930601,中证软件服务指数,1248437000
562950,931494,中证消费电子主题指数,1221258318
562960,931897,中证绿色电力指数,1190891000
562970,931151,中证光伏产业指数,372448000
562990,931755,中证上海环交所碳中和指数,384756000
563000,746059,MSCI中国A50互联互通人民币指数,1608451147
563010,931235,中证电信主题指数,100189318
563020,H30269,中证红利低波动指数,10721910000
563030,000905,中证500指数,97169000
563050,932038,中证国新央企科技引领指数,101208400
563060,931823,中证国资央企50指数,196527000
563080,930050,中证A50指数,1056588400
563090,000016,上证50指数,52848000
563150,931248,中证油气资源指数,57399000
563180,H30366,中证高股息策略指数,115420033
563200,932000,中证2000指数,33458827
563210,HSCSSE,恒生A股专精特新企业指数,102067000
563220,000510,中证A500指数,5963013687
563230,931594,中证卫星产业指数,3041237000
563280,746059,MSCI中国A50互联互通人民币指数,6706609
563300,932000,中证2000指数,2116174000
563320,931855,中证通用航空主题指数,206892000
563330,930903,中证A股指数,28160621
563350,930050,中证A50指数,179997649
563360,000510,中证A500指数,22225987426
563380,932088,中证全指航空航天指数,874950000
563390,932365,中证全指自由现金流指数,2009844000
563500,000510,中证A500指数,657958712
563510,932422,中证A500红利低波动指数,314537000
563520,000300,沪深300指数,379065000
563530,931594,中证卫星产业指数,1412748000
563550,000510,中证A500指数,76559000
563560,931696,中证科技优势成长50策略指数,54769000
563570,930986,中证金融科技主题指数,111374000
563580,932368,中证800自由现金流指数,289648000
563590,932422,中证A500红利低波动指数,69944444
563600,000510,中证A500指数,51483000
563620,932365,中证全指自由现金流指数,59049000
563630,000510,中证A500指数,39947055
563650,000510,中证A500指数,113909000
563660,000510,中证A500指数,60085160
563670,930986,中证金融科技主题指数,188987000
563680,932368,中证800自由现金流指数,115959000
563690,H30269,中证红利低波动指数,38882000
563700,H30270,中证红利价值指数,410150000
563750,000905,中证500指数,337237000
563760,932365,中证全指自由现金流指数,867913166
563770,932365,中证全指自由现金流指数,28807000
563780,932365,中证全指自由现金流指数,305027100
563790,931594,中证卫星产业指数,1080446990
563800,000510,中证A500指数,7093978099
563830,932365,中证全指自由现金流指数,133896000
563850,H30192,中证全指食品指数,86681721
563860,000510,中证A500指数,158844300
563870,931855,中证通用航空主题指数,106303944
563880,000510,中证A500指数,1000996359
563890,000824,中证国有企业红利指数,25336000
563900,932366,沪深300自由现金流指数,517965686
563930,000001,上证综合指数,31592000
563960,932431,沪深300质量指数,244512000
563980,931848,中证800红利低波动指数,207967000
563990,932368,中证800自由现金流指数,412573000
588000,000688,上证科创板50成份指数,29831668177
588010,000689,上证科创板新材料指数,767925838
588020,000690,上证科创板成长指数,1499373000
588030,000698,上证科创板100指数,2471838100
588040,000688,上证科创板50成份指数,65889000
588050,000688,上证科创板50成份指数,4331241293
588060,000688,上证科创板50成份指数,5041140000
588070,000690,上证科创板成长指数,24437000
588080,000688,上证科创板50成份指数,18766628122
588090,000688,上证科创板50成份指数,1950072758
588100,000682,上证科创板新一代信息技术指数,222746235
588110,000690,上证科创板成长指数,691032000
588120,000698,上证科创板100指数,1033622000
588130,000683,上证科创板生物医药指数,124082561
588140,000699,上证科创板200指数,208751000
588150,000688,上证科创板50成份指数,264932635
588160,000689,上证科创板新材料指数,503496000
588170,950125,上证科创板半导体材料设备主题指数,20781447000
588180,000688,上证科创板50成份指数,738353712
588190,000698,上证科创板100指数,1459618312
588200,000685,上证科创板芯片指数,45929684328
588210,000698,上证科创板100指数,168254000
588220,000698,上证科创板100指数,3197197860
588230,000699,上证科创板200指数,428939000
588240,000699,上证科创板200指数,101633000
588250,000683,上证科创板生物医药指数,265675000
588260,000682,上证科创板新一代信息技术指数,43746000
588270,000699,上证科创板200指数,250410000
588280,000688,上证科创板50成份指数,240121000
588290,000685,上证科创板芯片指数,4969191000
588300,931643,中证科创创业50指数,1318210544
588310,931643,中证科创创业50指数,28237499
588320,931643,中证科创创业50指数,50824629
588330,931643,中证科创创业50指数,901737802
588350,931643,中证科创创业50指数,618546000
588360,931643,中证科创创业50指数,199481800
588370,000688,上证科创板50成份指数,58272000
588380,931643,中证科创创业50指数,2384770049
588390,931643,中证科创创业50指数,134935865
588400,931643,中证科创创业50指数,1179600631
588410,932456,中证科创创业人工智能指数,101250000
588420,932456,中证科创创业人工智能指数,127648000
588430,932456,中证科创创业人工智能指数,92458000
588450,000688,上证科创板50成份指数,48568732
588460,000688,上证科创板50成份指数,594014000
588470,932456,中证科创创业人工智能指数,574907000
588480,932456,中证科创创业人工智能指数,163717000
588500,000698,上证科创板100指数,38647000
588510,932456,中证科创创业人工智能指数,413175000
588520,000681,上证科创板综合价格指数,12957000
588530,932456,中证科创创业人工智能指数,308233343
588533,,,0
588550,000680,上证科创板综合指数,51290000
588660,931643,中证科创创业50指数,29344015
588670,000680,上证科创板综合指数,41792000
588680,000698,上证科创板100指数,32361000
588690,000680,上证科创板综合指数,63636000
588700,000683,上证科创板生物医药指数,425336178
588710,950125,上证科创板半导体材料设备主题指数,10656885000
588720,000688,上证科创板50成份指数,89741789
588730,950180,上证科创板人工智能指数,661396333
588750,000685,上证科创板芯片指数,2713228000
588760,950180,上证科创板人工智能指数,2056532000
588770,000682,上证科创板新一代信息技术指数,326597060
588780,950162,上证科创板芯片设计主题指数,807902000
588790,950180,上证科创板人工智能指数,2815384000
588800,000698,上证科创板100指数,1617377000
588810,000685,上证科创板芯片指数,1782648000
588820,000699,上证科创板200指数,145400000
588830,000692,上证科创板新能源主题指数,595847900
588840,000688,上证科创板50成份指数,31236000
588850,000693,上证科创板工业机械指数,104779000
588860,000683,上证科创板生物医药指数,380889426
588870,000688,上证科创板50成份指数,269552000
588880,000698,上证科创板100指数,99368000
588890,000685,上证科创板芯片指数,2783430000
588900,000698,上证科创板100指数,301783000
588910,950333,上证智选科创板创新价值指数,106049130
588920,000685,上证科创板芯片指数,311876000
588930,950180,上证科创板人工智能指数,483329000
588940,000688,上证科创板50成份指数,2582840000
588950,000688,上证科创板50成份指数,209729666
588960,000692,上证科创板新能源主题指数,138579791
588980,000698,上证科创板100指数,14420000
588990,000685,上证科创板芯片指数,191745420
158003,932069,中证港股通医疗主题指数,259654396
158011,399264,创业板软件指数,209842654
158022,399102,创业板综合指数,201915335
158023,931848,中证800红利低波动指数,350080789
158025,399667,创业板成长指数,0
158026,399372,国证大盘成长指数,0
158028,930632,中证稀有金属主题指数,226187769
158030,CN5082,国证航天航空行业指数,0
158031,970070,创业板人工智能指数,0
158032,000813,细分化工,272335501
158037,H30590,中证机器人指数,0
158038,399365,国证粮食产业指数,206060020
158039,SPAHLVHP,标普港股通低波红利港币指数,0
158041,970083,创业板算力基础设施指数,0
158042,HSTECH,恒生科技指数,0
158043,980081,国证价值100指数,0
158046,931594,中证卫星产业指数,0
158047,399365,国证粮食产业指数,0
158049,970083,创业板算力基础设施指数,0
158050,970083,创业板算力基础设施指数,0
158052,970085,创业板金融科技指数,0
158053,970083,创业板算力基础设施指数,0
158055,970083,创业板算力基础设施指数,0
158056,970083,创业板算力基础设施指数,0
158057,970083,创业板算力基础设施指数,0
158058,970085,创业板金融科技指数,0
158059,970083,创业板算力基础设施指数,0
158061,970083,创业板算力基础设施指数,414066414
158063,970083,创业板算力基础设施指数,0
159025,931021,中证家电龙头指数,215935046
159047,930967,中证港股通信息技术综合港元指数,0
159058,399975,中证全指证券公司指数,250331247
159077,931719,中证电池主题指数,208242574
159083,930955,中证红利低波动100指数,284370472
159089,987022,国证港股通互联网指数,0
159095,931469,中证云计算50指数,291468139
159098,980081,国证价值100指数,239891589
512473,,,0
512474,,,0
512743,,,0
512744,,,0
515443,,,0
515444,,,0
515473,,,0
515474,,,0
515543,,,0
515544,,,0
515943,,,0
515944,,,0
516043,,,0
516044,,,0
517230,931470,中证沪港深云计算产业人民币指数,218545837
520740,931637,中证港股通互联网指数,205012592
526000,930967,中证港股通信息技术综合港元指数,107142000
526010,932069,中证港股通医疗主题指数,85458000
526030,930967,中证港股通信息技术综合港元指数,238464974
526050,930967,中证港股通信息技术综合港元指数,61630000
526060,930967,中证港股通信息技术综合港元指数,205877000
526070,HSISC,恒指港股通指数,235377000
560433,,,0
560434,,,0
561073,,,0
561074,,,0
561273,,,0
561274,,,0
561390,930632,中证稀有金属主题指数,271128095
561410,931151,中证光伏产业指数,254613258
561530,399986,中证银行指数,231334034
561533,,,0
561534,,,0
561613,,,0
561614,,,0
561653,,,0
561654,,,0
561690,932431,沪深300质量指数,431380633
561693,,,0
561694,,,0
561730,930903,中证A股指数,230748141
561830,931892,中证有色金属矿业主题指数,245571133
561833,,,0
561834,,,0
562113,,,0
562114,,,0
562153,,,0
562154,,,0
562180,932422,中证A500红利低波动指数,257149997
562183,,,0
562184,,,0
562203,,,0
562204,,,0
562403,,,0
562404,,,0
562423,,,0
562424,,,0
562453,,,0
562454,,,0
589000,000680,上证科创板综合指数,759507833
589010,950180,上证科创板人工智能指数,929793000
589020,950125,上证科创板半导体材料设备主题指数,4024438000
589030,950162,上证科创板芯片设计主题指数,292077000
589050,000681,上证科创板综合价格指数,46968000
589060,000681,上证科创板综合价格指数,62137860
589070,950162,上证科创板芯片设计主题指数,1213293000
589080,000680,上证科创板综合指数,138061000
589090,950180,上证科创板人工智能指数,161931000
589100,000685,上证科创板芯片指数,803442504
589110,950180,上证科创板人工智能指数,513413000
589120,950161,上证科创板创新药指数,894620000
589130,000685,上证科创板芯片指数,2759780000
589150,000688,上证科创板50成份指数,75437155
589160,000685,上证科创板芯片指数,170296000
589170,950162,上证科创板芯片设计主题指数,126909000
589180,000689,上证科创板新材料指数,93818000
589190,000685,上证科创板芯片指数,3415562000
589200,000699,上证科创板200指数,19507000
589210,950162,上证科创板芯片设计主题指数,1304938000
589220,000699,上证科创板200指数,313495777
589230,950180,上证科创板人工智能指数,223553000
589250,950162,上证科创板芯片设计主题指数,67101320
589260,950162,上证科创板芯片设计主题指数,52156000
589270,000698,上证科创板100指数,27516633
589280,000680,上证科创板综合指数,239069000
589290,950162,上证科创板芯片设计主题指数,235848945
589300,000680,上证科创板综合指数,41582547
589310,950180,上证科创板人工智能指数,265491783
589320,000699,上证科创板200指数,258053000
589330,000699,上证科创板200指数,215902000
589350,950162,上证科创板芯片设计主题指数,206281500
589360,000688,上证科创板50成份指数,230174000
589380,950180,上证科创板人工智能指数,89694276
589390,950162,上证科创板芯片设计主题指数,207810525
589400,950162,上证科创板芯片设计主题指数,359785204
589410,950180,上证科创板人工智能指数,342565586
589420,950162,上证科创板芯片设计主题指数,230481489
589430,950162,上证科创板芯片设计主题指数,256849936
589460,000699,上证科创板200指数,226630900
589500,000681,上证科创板综合价格指数,90064000
589520,950180,上证科创板人工智能指数,660104600
589550,950228,上证智选科创板价值50策略指数,22295466
589560,950180,上证科创板人工智能指数,226355000
589580,000681,上证科创板综合价格指数,10354822
589600,000681,上证科创板综合价格指数,221535000
589630,000680,上证科创板综合指数,325258000
589660,000680,上证科创板综合指数,233530000
589680,000680,上证科创板综合指数,1009943666
589700,000690,上证科创板成长指数,16291000
589720,950161,上证科创板创新药指数,2476823000
589770,000680,上证科创板综合指数,168569166
589780,000699,上证科创板200指数,54215000
589800,000680,上证科创板综合指数,915988225
589820,000699,上证科创板200指数,126720166
589850,000688,上证科创板50成份指数,334057000
589860,000680,上证科创板综合指数,154224000
589880,000680,上证科创板综合指数,634996039
589890,000681,上证科创板综合价格指数,84987000
589900,000680,上证科创板综合指数,168908173
589950,000698,上证科创板100指数,294873000
589960,000692,上证科创板新能源主题指数,131316000
589980,000698,上证科创板100指数,120122000
589990,000680,上证科创板综合指数,106090000
158062,970085,创业板金融科技指数,0
515440,930903,中证A股指数,207179311
588493,,,0
588494,,,0
