代码,名称,ATR(14),ATR(50),BIAS(50),最大回撤,当前回撤,来源
601208,东材科技,7.79%,6.98%,4.23%,-59.3%,-39.2%,资源类ETF
600206,有研新材,6.82%,7.58%,-0.60%,-50.3%,-28.0%,资源类ETF
601872,招商轮船,6.28%,5.16%,16.68%,-35.8%,-3.7%,央企红利类ETF
002768,国恩股份,6.18%,5.19%,14.36%,-26.5%,-10.6%,价值类ETF
601975,招商南油,5.96%,4.24%,15.86%,-43.2%,-17.2%,资源类ETF
000739,普洛药业,5.74%,4.86%,13.70%,-20.2%,-8.0%,价值类ETF
601609,金田股份,5.72%,5.04%,-9.70%,-35.3%,-24.4%,资源类ETF
002428,云南锗业,5.48%,6.92%,-3.51%,-52.5%,-32.5%,资源类ETF
600547,山东黄金,5.37%,6.14%,-14.64%,-62.3%,-55.0%,价值类ETF
600026,中远海能,5.21%,4.21%,22.63%,-44.7%,-8.6%,资源类ETF
600737,中粮糖业,5.18%,6.17%,8.09%,-44.8%,-21.2%,央企红利类ETF
000657,中钨高新,5.16%,7.29%,-15.69%,-55.6%,-52.7%,资源类ETF
300139,晓程科技,4.94%,7.51%,-6.32%,-60.4%,-47.3%,资源类ETF
600988,赤峰黄金,4.93%,6.03%,-2.89%,-45.9%,-16.3%,资源类ETF
000703,恒逸石化,4.80%,6.38%,-2.61%,-33.6%,-18.1%,资源类ETF
300037,新宙邦,4.76%,5.06%,-2.27%,-39.1%,-30.7%,资源类ETF
600259,中稀有色,4.75%,5.47%,-11.74%,-41.8%,-40.2%,资源类ETF
600482,中国动力,4.73%,4.55%,4.23%,-36.4%,-20.4%,价值类ETF
002645,华宏科技,4.73%,5.73%,-10.19%,-56.3%,-54.5%,资源类ETF
000506,招金黄金,4.71%,7.23%,-5.41%,-60.9%,-40.2%,资源类ETF
000338,潍柴动力,4.60%,5.53%,-10.88%,-31.6%,-30.1%,价值类ETF
001337,四川黄金,4.56%,5.91%,-1.84%,-55.5%,-35.6%,资源类ETF
000975,山金国际,4.53%,5.12%,-5.48%,-56.1%,-37.6%,价值类ETF
601020,华钰矿业,4.47%,5.53%,-7.71%,-56.8%,-51.6%,资源类ETF
002738,中矿资源,4.43%,5.72%,-15.55%,-57.7%,-57.2%,资源类ETF
002716,湖南白银,4.39%,6.59%,-7.12%,-67.6%,-58.0%,资源类ETF
601212,白银有色,4.38%,6.32%,-4.66%,-70.6%,-62.3%,资源类ETF
000831,中国稀土,4.28%,4.85%,-9.59%,-32.1%,-25.5%,资源类ETF
300390,天华新能,4.23%,5.93%,-13.91%,-58.2%,-56.5%,资源类ETF
600961,株冶集团,4.20%,5.88%,-11.82%,-39.7%,-36.7%,价值类ETF
000513,丽珠集团,4.19%,2.76%,6.15%,-26.6%,-13.7%,价值类ETF
300483,首华燃气,4.19%,5.22%,3.13%,-31.2%,-5.5%,资源类ETF
000426,兴业银锡,4.17%,6.25%,-11.93%,-61.0%,-53.5%,资源类ETF
600549,厦门钨业,4.08%,5.99%,-14.95%,-54.2%,-54.2%,资源类ETF
600489,中金黄金,4.07%,4.86%,-5.17%,-56.8%,-43.4%,资源类ETF
600150,中国船舶,4.00%,2.95%,6.79%,-22.8%,-6.9%,价值类ETF
601233,桐昆股份,3.97%,4.90%,-3.55%,-34.5%,-17.0%,资源类ETF
601001,晋控煤业,3.86%,4.49%,3.22%,-27.9%,-20.1%,价值类ETF
000612,焦作万方,3.86%,3.67%,-5.42%,-33.9%,-29.4%,价值类ETF
002493,荣盛石化,3.84%,4.53%,-0.81%,-32.5%,-17.1%,资源类ETF
600415,小商品城,3.84%,4.18%,-8.09%,-44.2%,-36.8%,价值类ETF
000301,东方盛虹,3.77%,4.33%,0.09%,-29.9%,-10.1%,资源类ETF
002155,湖南黄金,3.76%,4.96%,-3.60%,-49.6%,-41.8%,资源类ETF
002192,融捷股份,3.75%,5.47%,-12.83%,-49.5%,-48.4%,资源类ETF
002240,盛新锂能,3.65%,5.47%,-14.15%,-60.7%,-59.2%,资源类ETF
000960,锡业股份,3.61%,5.27%,-14.02%,-40.1%,-38.4%,资源类ETF
601900,南方传媒,3.57%,3.05%,6.95%,-36.0%,-19.2%,价值类ETF
600346,恒力石化,3.56%,4.43%,-6.19%,-43.3%,-37.8%,价值类ETF
002379,宏桥控股,3.55%,6.12%,-11.79%,-56.2%,-49.5%,资源类ETF
603558,健盛集团,3.53%,2.93%,3.80%,-26.8%,-13.0%,价值类ETF
600428,中远海特,3.51%,4.63%,-3.46%,-22.9%,-9.4%,央企红利类ETF
600726,华电能源,3.46%,6.12%,-11.55%,-52.3%,-52.1%,资源类ETF
601918,新集能源,3.45%,3.73%,11.95%,-24.1%,0.0%,资源类ETF
002709,天赐材料,3.44%,3.84%,0.11%,-52.3%,-44.2%,资源类ETF
002202,金风科技,3.43%,4.62%,-12.81%,-53.2%,-53.2%,资源类ETF
600256,广汇能源,3.43%,3.37%,13.82%,-38.5%,-4.9%,价值类ETF
601101,昊华能源,3.42%,5.21%,1.95%,-23.8%,-12.3%,资源类ETF
002545,东方铁塔,3.41%,5.36%,-18.18%,-53.5%,-52.6%,资源类ETF
601168,西部矿业,3.38%,5.15%,-4.86%,-37.6%,-16.4%,央企红利类ETF
002407,多氟多,3.37%,6.03%,-5.73%,-49.1%,-42.3%,资源类ETF
002517,恺英网络,3.37%,4.19%,-4.33%,-48.3%,-40.9%,价值类ETF
600392,盛和资源,3.37%,4.50%,-9.70%,-42.4%,-42.0%,资源类ETF
600188,兖矿能源,3.33%,4.72%,-1.41%,-35.5%,-23.4%,央企红利类ETF
600989,宝丰能源,3.31%,3.71%,-0.26%,-41.9%,-31.3%,价值类ETF
600362,江西铜业,3.26%,4.70%,-6.00%,-44.7%,-39.2%,资源类ETF
600711,盛屯矿业,3.26%,4.85%,-5.77%,-50.2%,-41.5%,资源类ETF
002460,赣锋锂业,3.25%,3.87%,-8.75%,-54.1%,-50.2%,资源类ETF
000893,亚钾国际,3.24%,5.38%,-17.20%,-48.0%,-46.0%,资源类ETF
002812,恩捷股份,3.24%,4.21%,-7.21%,-48.5%,-45.3%,资源类ETF
603979,金诚信,3.21%,4.58%,-0.87%,-40.0%,-13.9%,资源类ETF
600531,豫光金铅,3.20%,4.88%,-11.36%,-55.8%,-54.5%,资源类ETF
600801,华新建材,3.20%,3.87%,0.33%,-39.8%,-9.3%,价值类ETF
002532,天山铝业,3.20%,4.06%,-4.19%,-48.3%,-38.6%,价值类ETF
000921,海信家电,3.18%,3.44%,1.59%,-20.1%,-8.1%,价值类ETF
603816,顾家家居,3.17%,3.55%,-1.43%,-40.7%,-33.5%,价值类ETF
601958,金钼股份,3.14%,4.63%,-10.91%,-37.1%,-36.6%,价值类ETF
600031,三一重工,3.13%,3.14%,-11.02%,-28.8%,-28.8%,价值类ETF
000690,宝新能源,3.07%,2.65%,11.65%,-27.8%,-9.7%,资源类ETF
600426,华鲁恒升,3.05%,4.02%,-2.57%,-42.5%,-36.5%,资源类ETF
002237,恒邦股份,3.05%,4.33%,-8.96%,-46.5%,-44.1%,资源类ETF
601083,锦江航运,3.04%,3.06%,10.02%,-24.2%,0.0%,价值类ETF
600546,山煤国际,3.02%,3.63%,5.58%,-29.1%,-6.8%,央企红利类ETF
002558,巨人网络,3.00%,4.87%,-11.11%,-56.3%,-54.5%,价值类ETF
600060,海信视像,2.98%,3.22%,0.82%,-17.3%,-5.1%,价值类ETF
601899,紫金矿业,2.96%,3.89%,-5.30%,-42.1%,-27.8%,价值类ETF
603565,中谷物流,2.93%,3.67%,1.47%,-23.1%,-13.1%,价值类ETF
603233,大参林,2.92%,3.18%,3.02%,-28.8%,-9.7%,价值类ETF
600740,山西焦化,2.91%,3.35%,2.35%,-38.0%,-25.6%,资源类ETF
002466,天齐锂业,2.91%,3.86%,-9.06%,-51.8%,-49.4%,资源类ETF
000969,安泰科技,2.89%,3.34%,-6.39%,-47.2%,-45.8%,资源类ETF
688330,宏力达,2.89%,3.16%,2.78%,-44.7%,-36.1%,价值类ETF
000807,云铝股份,2.89%,3.42%,-0.18%,-40.6%,-27.4%,价值类ETF
600160,巨化股份,2.88%,3.98%,-13.06%,-42.0%,-40.6%,资源类ETF
601600,中国铝业,2.86%,3.26%,-3.70%,-48.9%,-41.7%,价值类ETF
002056,横店东磁,2.86%,4.29%,-9.26%,-42.5%,-42.5%,资源类ETF
000933,神火股份,2.85%,3.19%,2.50%,-43.3%,-27.0%,价值类ETF
603871,嘉友国际,2.85%,3.36%,-4.38%,-36.0%,-22.9%,价值类ETF
002668,TCL智家,2.84%,4.37%,-7.82%,-21.8%,-20.1%,价值类ETF
600710,苏美达,2.84%,2.61%,5.03%,-34.5%,-21.8%,央企红利类ETF
600236,桂冠电力,2.83%,3.53%,-0.56%,-26.5%,-18.1%,央企红利类ETF
601699,潞安环能,2.83%,4.12%,-2.59%,-25.3%,-18.8%,央企红利类ETF
688599,天合光能,2.82%,3.50%,-8.81%,-51.7%,-49.4%,价值类ETF
600938,中国海油,2.81%,2.90%,2.36%,-38.8%,-21.2%,央企红利类ETF
601666,平煤股份,2.81%,4.23%,-0.72%,-26.2%,-10.9%,央企红利类ETF
601225,陕西煤业,2.80%,2.99%,5.04%,-24.3%,-2.4%,央企红利类ETF
000100,TCL科技,2.80%,2.93%,-5.21%,-24.3%,-24.2%,价值类ETF
002497,雅化集团,2.78%,4.08%,-10.89%,-50.2%,-48.9%,资源类ETF
601898,中煤能源,2.76%,3.59%,1.06%,-37.5%,-24.8%,央企红利类ETF
600508,上海能源,2.76%,4.40%,7.29%,-30.0%,-11.7%,央企红利类ETF
000408,藏格矿业,2.76%,3.80%,-4.13%,-28.2%,-20.5%,资源类ETF
600395,盘江股份,2.75%,3.84%,-1.36%,-28.2%,-18.5%,资源类ETF
002648,卫星化学,2.73%,3.20%,4.58%,-27.3%,-6.8%,价值类ETF
600985,淮北矿业,2.72%,4.36%,-1.21%,-18.1%,-12.5%,央企红利类ETF
600123,兰花科创,2.71%,3.33%,-0.16%,-27.5%,-4.3%,央企红利类ETF
600863,华能蒙电,2.69%,3.27%,8.04%,-46.9%,-32.7%,央企红利类ETF
600366,宁波韵升,2.69%,3.49%,-4.91%,-37.0%,-35.4%,资源类ETF
600971,恒源煤电,2.67%,3.51%,-0.57%,-18.6%,-8.7%,央企红利类ETF
000899,赣能股份,2.67%,3.22%,-7.19%,-42.4%,-40.8%,资源类ETF
600021,上海电力,2.67%,2.75%,-6.95%,-45.8%,-45.4%,资源类ETF
600348,华阳股份,2.66%,3.02%,2.00%,-28.3%,-12.2%,资源类ETF
300748,金力永磁,2.62%,3.53%,-7.66%,-41.9%,-41.3%,资源类ETF
603993,洛阳钼业,2.62%,4.05%,-7.05%,-39.6%,-35.4%,资源类ETF
600057,厦门象屿,2.61%,2.80%,-0.25%,-38.1%,-28.2%,价值类ETF
603799,华友钴业,2.61%,3.71%,-8.46%,-57.6%,-55.6%,资源类ETF
600295,鄂尔多斯,2.60%,3.31%,1.16%,-37.6%,-21.7%,价值类ETF
688188,柏楚电子,2.58%,3.15%,-4.17%,-28.1%,-24.1%,价值类ETF
600309,万华化学,2.57%,3.13%,-4.31%,-28.3%,-23.9%,资源类ETF
601156,东航物流,2.57%,2.83%,1.95%,-21.9%,-4.3%,价值类ETF
300770,新媒股份,2.55%,2.30%,10.75%,-36.6%,-22.6%,价值类ETF
605599,菜百股份,2.53%,4.53%,-5.80%,-51.5%,-47.4%,资源类ETF
601857,中国石油,2.52%,2.54%,7.12%,-33.9%,-8.9%,央企红利类ETF
000902,新洋丰,2.50%,2.90%,1.64%,-39.6%,-26.3%,价值类ETF
300628,亿联网络,2.49%,3.18%,0.30%,-18.2%,-4.6%,价值类ETF
002128,电投能源,2.48%,2.78%,4.03%,-31.2%,-14.0%,央企红利类ETF
000552,甘肃能化,2.48%,3.01%,0.73%,-23.5%,-11.6%,资源类ETF
601319,中国人保,2.48%,2.22%,4.37%,-34.7%,-20.1%,价值类ETF
002345,潮宏基,2.47%,5.20%,-8.01%,-43.1%,-38.4%,资源类ETF
002690,美亚光电,2.46%,2.37%,-2.46%,-35.3%,-28.9%,价值类ETF
000758,中色股份,2.43%,2.92%,-3.73%,-38.9%,-35.2%,资源类ETF
600282,南钢股份,2.42%,2.55%,-0.63%,-23.6%,-19.6%,央企红利类ETF
601088,中国神华,2.42%,2.34%,4.43%,-23.6%,-2.7%,央企红利类ETF
600578,京能电力,2.40%,4.09%,-4.56%,-46.0%,-43.9%,价值类ETF
601598,中国外运,2.39%,2.66%,5.46%,-21.2%,0.0%,央企红利类ETF
600483,福能股份,2.38%,2.34%,3.69%,-16.9%,-4.0%,资源类ETF
000792,盐湖股份,2.38%,3.38%,-9.99%,-42.7%,-40.4%,价值类ETF
600111,北方稀土,2.36%,3.08%,-10.89%,-44.6%,-43.8%,资源类ETF
600219,南山铝业,2.36%,3.12%,1.99%,-51.0%,-39.2%,价值类ETF
000060,中金岭南,2.36%,3.51%,-8.80%,-34.4%,-33.2%,资源类ETF
000983,山西焦煤,2.35%,3.35%,-1.84%,-25.8%,-13.8%,资源类ETF
000333,美的集团,2.33%,2.14%,-2.97%,-10.9%,-7.3%,价值类ETF
002001,新和成,2.31%,3.33%,-4.50%,-34.2%,-31.0%,价值类ETF
000783,长江证券,2.30%,3.27%,-7.70%,-26.4%,-23.8%,价值类ETF
601991,大唐发电,2.29%,4.39%,-8.58%,-42.2%,-41.2%,资源类ETF
603939,益丰药房,2.28%,2.88%,5.85%,-28.5%,-2.7%,价值类ETF
603605,珀莱雅,2.28%,3.13%,-4.00%,-28.2%,-25.2%,价值类ETF
601000,唐山港,2.27%,2.40%,1.72%,-13.2%,-5.5%,价值类ETF
600595,中孚实业,2.27%,3.65%,-3.16%,-46.1%,-40.8%,资源类ETF
600968,海油发展,2.26%,2.69%,1.24%,-39.3%,-27.4%,资源类ETF
601216,君正集团,2.25%,2.31%,4.71%,-35.2%,-23.0%,价值类ETF
000630,铜陵有色,2.25%,3.65%,-7.70%,-39.4%,-36.0%,资源类ETF
605090,九丰能源,2.24%,3.48%,-6.50%,-41.8%,-40.1%,资源类ETF
002249,大洋电机,2.24%,2.73%,-7.08%,-46.4%,-45.8%,资源类ETF
600039,四川路桥,2.23%,2.59%,0.64%,-27.3%,-12.6%,央企红利类ETF
000155,川能动力,2.20%,3.24%,-4.02%,-45.7%,-40.7%,资源类ETF
002895,川恒股份,2.19%,3.57%,-5.67%,-33.9%,-26.7%,价值类ETF
601808,中海油服,2.18%,2.51%,1.64%,-47.1%,-38.4%,价值类ETF
601601,中国太保,2.17%,2.49%,-1.97%,-41.6%,-33.4%,价值类ETF
603899,晨光股份,2.16%,2.32%,-0.93%,-25.0%,-18.5%,价值类ETF
000951,中国重汽,2.16%,3.26%,-4.51%,-27.1%,-21.4%,价值类ETF
601919,中远海控,2.15%,2.11%,3.05%,-20.4%,-4.3%,央企红利类ETF
002142,宁波银行,2.13%,2.02%,4.72%,-11.8%,-1.8%,价值类ETF
600886,国投电力,2.11%,1.92%,9.89%,-13.9%,0.0%,资源类ETF
600027,华电国际,2.11%,1.80%,9.36%,-23.4%,-10.2%,资源类ETF
601009,南京银行,2.11%,2.04%,1.81%,-14.8%,-4.0%,价值类ETF
600795,国电电力,2.10%,1.96%,5.09%,-24.6%,-7.0%,资源类ETF
601998,中信银行,2.09%,2.19%,6.92%,-16.6%,-1.1%,央企红利类ETF
601717,中创智领,2.08%,2.64%,-6.70%,-47.0%,-43.7%,价值类ETF
601988,中国银行,2.08%,2.00%,7.80%,-11.8%,-0.6%,央企红利类ETF
001280,中国铀业,2.06%,3.45%,-5.76%,-43.6%,-39.3%,资源类ETF
600919,江苏银行,2.06%,1.83%,2.94%,-9.5%,-2.0%,央企红利类ETF
600010,包钢股份,2.06%,2.17%,-3.31%,-38.0%,-36.1%,资源类ETF
601838,成都银行,2.05%,1.78%,4.27%,-12.7%,-2.5%,央企红利类ETF
600690,海尔智家,2.03%,2.10%,-1.23%,-30.7%,-21.8%,价值类ETF
600741,华域汽车,2.01%,1.93%,-0.12%,-26.5%,-21.3%,价值类ETF
000600,建投能源,2.00%,2.75%,-7.85%,-44.6%,-42.2%,资源类ETF
601877,正泰电器,1.98%,2.30%,1.48%,-42.1%,-36.8%,价值类ETF
000708,中信特钢,1.96%,2.26%,-3.67%,-28.6%,-24.8%,价值类ETF
003816,中国广核,1.95%,1.95%,7.04%,-22.3%,-7.8%,资源类ETF
600642,申能股份,1.95%,2.03%,5.97%,-21.1%,-11.8%,资源类ETF
601077,渝农商行,1.95%,2.23%,-0.22%,-16.7%,-9.0%,央企红利类ETF
600398,海澜之家,1.94%,2.14%,1.14%,-17.9%,-5.7%,价值类ETF
000543,皖能电力,1.92%,1.94%,-1.97%,-25.2%,-21.8%,资源类ETF
601939,建设银行,1.87%,2.12%,2.81%,-11.5%,-1.5%,央企红利类ETF
002555,三七互娱,1.86%,2.80%,-7.15%,-42.4%,-41.4%,价值类ETF
601577,长沙银行,1.83%,1.94%,3.36%,-14.7%,-1.7%,价值类ETF
600926,杭州银行,1.82%,1.77%,4.99%,-16.2%,-1.6%,价值类ETF
601288,农业银行,1.81%,2.10%,2.61%,-24.3%,-10.4%,央企红利类ETF
603288,海天味业,1.80%,2.22%,-4.15%,-21.7%,-18.7%,价值类ETF
600674,川投能源,1.79%,1.81%,8.43%,-15.0%,0.0%,资源类ETF
600995,南网储能,1.79%,2.06%,-3.04%,-28.6%,-26.1%,资源类ETF
600011,华能国际,1.78%,1.68%,5.87%,-29.5%,-21.7%,资源类ETF
601328,交通银行,1.78%,1.74%,7.02%,-13.1%,-0.6%,央企红利类ETF
600901,江苏金租,1.78%,2.10%,5.49%,-18.0%,-0.1%,央企红利类ETF
601658,邮储银行,1.77%,1.67%,3.93%,-10.5%,-2.7%,央企红利类ETF
002027,分众传媒,1.76%,2.47%,-0.80%,-42.1%,-37.1%,价值类ETF
002170,芭田股份,1.74%,2.72%,-3.08%,-27.8%,-23.2%,价值类ETF
600612,老凤祥,1.74%,2.80%,-4.72%,-38.0%,-35.3%,资源类ETF
000001,平安银行,1.74%,1.64%,2.57%,-11.4%,-1.6%,价值类ETF
000987,越秀资本,1.70%,2.04%,-4.13%,-38.6%,-37.4%,价值类ETF
002415,海康威视,1.69%,2.74%,-4.65%,-15.9%,-13.4%,价值类ETF
600025,华能水电,1.67%,1.81%,3.36%,-16.3%,-2.6%,资源类ETF
601318,中国平安,1.65%,1.95%,-1.36%,-35.4%,-26.2%,价值类ETF
600096,云天化,1.64%,2.94%,-3.76%,-39.1%,-34.4%,价值类ETF
601398,工商银行,1.62%,1.88%,3.63%,-13.7%,-1.1%,央企红利类ETF
002340,格林美,1.62%,2.04%,-3.34%,-39.1%,-36.3%,资源类ETF
600036,招商银行,1.62%,1.59%,3.38%,-15.9%,-1.0%,央企红利类ETF
000423,东阿阿胶,1.60%,2.34%,-4.02%,-23.0%,-14.7%,价值类ETF
601229,上海银行,1.56%,1.85%,1.06%,-12.8%,-3.2%,央企红利类ETF
600887,伊利股份,1.51%,1.75%,4.50%,-15.3%,-2.3%,价值类ETF
603195,公牛集团,1.48%,2.04%,-1.09%,-14.1%,-9.1%,价值类ETF
601128,常熟银行,1.35%,1.68%,-0.64%,-12.2%,-6.0%,价值类ETF
600941,中国移动,1.34%,1.57%,3.17%,-16.6%,-2.2%,价值类ETF
002352,顺丰控股,1.30%,1.74%,-3.78%,-22.2%,-20.7%,价值类ETF
000651,格力电器,1.28%,1.58%,0.35%,-9.7%,-4.1%,价值类ETF
601117,中国化学,1.26%,1.59%,-2.47%,-29.3%,-27.7%,价值类ETF
601166,兴业银行,1.25%,1.60%,-0.45%,-18.8%,-11.5%,央企红利类ETF
002867,周大生,1.25%,2.34%,-9.87%,-25.0%,-22.9%,资源类ETF
000895,双汇发展,1.20%,1.90%,-2.66%,-21.1%,-16.2%,价值类ETF
600987,航民股份,1.16%,1.62%,-3.03%,-28.0%,-24.8%,资源类ETF
600900,长江电力,1.15%,1.49%,2.28%,-9.0%,-1.7%,资源类ETF
920599,同力股份,0.00%,0.00%,0.00%,0.0%,0.0%,价值类ETF
